Date,Timestamp,Account No,Balance,Amount,Third Party Account No,Third Party Name,balance_change
2023-12-06,2024-04-30 20:54:00,581655972.0,45935.20686133913,-41.06,,Tesco,-41.0574619547624
2023-12-06,2024-04-30 05:27:00,975345315.0,40981.6205777799,-15.11,,Amazon,-15.11198719220556
2023-12-06,2024-04-30 08:39:00,639409800.0,40441.72586687837,-9.2,,Tesco,-9.202296193732764
2023-12-06,2024-04-30 07:22:00,558119802.0,37767.28015560242,-22.52,,Lloyds Pharmacy,-22.52058322205994
2023-12-06,2024-04-30 17:48:00,386729293.0,35458.80244797836,-49.98,,Sports Direct,-49.9800000000032
2023-12-06,2024-04-30 07:24:00,315546581.0,32905.236482810986,-49.2,,Topshop,-49.204404329750105
2023-12-06,2024-04-30 02:44:00,687135796.0,32606.22596572331,-10.55,,Deliveroo,-10.549999999999272
2023-12-06,2024-04-30 05:29:00,554792076.0,32326.268329777264,-40.62,,Selfridges,-40.61979922192404
2023-12-05,2024-04-30 06:55:00,705848712.0,30819.7271482825,-20.94,,Deliveroo,-20.93999999999869
2023-12-06,2024-04-30 06:01:00,370521542.0,30521.348681540003,-12.95,,JustEat,-12.950000000000728
2023-12-06,2024-04-30 06:28:00,858989281.0,30346.924875064728,-16.35,,JustEat,-16.350000000002183
2023-12-06,2024-04-30 07:25:00,383833857.0,29385.095733121496,-13.54,,Deliveroo,-13.540000000000873
2023-12-05,2024-04-30 05:30:00,298000165.0,29147.404216517487,-11.77,,Selfridges,-11.773488897841162
2023-12-06,2024-04-30 08:55:00,647472692.0,29143.147104846143,-33.08,,Fitted Stitch,-33.083283582618606
2023-12-06,2024-04-30 10:44:00,547010927.0,27529.79318336208,-29.29,,Reebok,-29.290000000000873
2023-12-06,2024-04-30 19:02:00,795847804.0,27082.220777909923,-5.45,,Coop Local,-5.452397952467436
2023-12-06,2024-04-30 21:13:00,366550080.0,26834.1657944632,-19.25,,Amazon,-19.247283556902403
2023-12-06,2024-04-30 06:53:00,108563213.0,26334.35497222293,-24.48,,Sainsbury Local,-24.479880763130495
2023-12-06,2024-04-30 04:35:00,216285378.0,26274.17211352841,-44.75,,JustEat,-44.75
2023-12-06,2024-04-30 05:48:00,550169791.0,25391.334191065154,-21.3,,Boots,-21.302082381280343
2023-12-05,2024-04-30 08:12:00,131388684.0,24809.806084551117,-2.02,,Fitted Stitch,-2.0246744324540487
2023-12-06,2024-04-30 08:45:00,764450279.0,24366.77211635454,-38.95,,Topshop,-38.947021519121336
2023-12-06,2024-04-30 09:21:00,618514666.0,24167.875472716485,-198.76,,Selfridges,-198.75800000000163
2023-12-06,2024-04-30 10:15:00,456246119.0,23692.850293067804,-1.99,,Stitch By Stitch,-1.9900000000052387
2023-12-06,2024-04-30 09:15:00,690958123.0,23656.13544787065,-7.8,,Starbucks,-7.799999999999272
2023-12-06,2024-04-30 03:38:00,489964679.0,23432.202069968185,-37.6,,Deliveroo,-37.599999999998545
2023-12-06,2024-04-30 07:23:00,719586818.0,21807.740705406693,-38.64,,AMAZON,-38.638740902679274
2023-12-06,2024-04-30 05:45:00,912705941.0,21125.5936208431,-37.13,,Revella,-37.1299013925709
2023-12-06,2024-04-30 04:11:00,419550103.0,21056.46685486507,-39.96,,AMAZON,-39.95670676606096
2023-12-06,2024-04-30 01:32:00,183888402.0,20811.415741948887,-32.49,,JustEat,-32.4900000000016
2023-12-06,2024-04-30 05:25:00,809499628.0,20201.405045413423,-16.9,,Deliveroo,-16.900000000001455
2023-12-03,2024-04-30 17:47:00,373875019.0,19920.593664887205,-35.95,,Blackwell's,-35.950000000004366
2023-12-06,2024-04-30 06:20:00,704517789.0,19662.529603784704,-14.26,,Amazon,-14.25885807882878
2023-12-06,2024-04-30 18:01:00,653640811.0,19565.867180827685,-64.67,,Loosely Fitted,-64.6734808430192
2023-12-06,2024-04-30 09:36:00,779946617.0,19192.27711718675,-18.0,,Boots,-17.99748860740874
2023-12-03,2024-04-30 08:14:00,675231808.0,19020.448371069517,-13.3,,Coop Local,-13.300761524002155
2023-12-06,2024-04-30 06:11:00,802697323.0,18646.675834216698,-33.24,,Deliveroo,-33.2400000000016
2023-12-06,2024-04-30 02:41:00,679662108.0,18338.68687545505,-27.25,,Coop Local,-27.253832281588984
2023-12-05,2024-04-30 04:54:00,651756497.0,18312.73671909955,-46.09,,Revella,-46.09386892429029
2023-12-06,2024-04-30 05:12:00,196289502.0,18234.753041109903,-12.38,,Deliveroo,-12.380000000001019
2023-12-06,2024-04-30 06:30:00,506618547.0,17879.54514021811,-0.88,,Coop Local,-0.8832794408226619
2023-12-01,2024-04-30 00:00:00,897592348.0,17859.04141771175,2300.0,,Sunny Care Nursery,54.9600000000064
2023-12-06,2024-04-30 09:19:00,417850087.0,17828.890511277426,-5.7,,Starbucks,-5.700000000000728
2023-12-06,2024-04-30 05:17:00,832564361.0,17784.25014103694,-12.14,,Amazon,-12.136267957746895
2023-12-06,2024-04-30 16:06:00,272538745.0,17447.508374448127,-34.88,,Deliveroo,-34.88000000000102
2023-12-06,2024-04-30 06:48:00,237493332.0,17008.013702600063,-67.42,,Matalan,-67.41826229731305
2023-12-06,2024-04-30 06:18:00,960208650.0,16860.132696642097,-7.87,,Coop Local,-7.874818408276042
2023-12-06,2024-04-30 06:58:00,108931112.0,16507.775693942127,-25.42,,JustEat,-25.419999999998254
2023-12-06,2024-04-30 03:30:00,518474507.0,16260.721112350378,-33.38,,Deliveroo,-33.3799999999992
2023-12-06,2024-04-30 02:58:00,984783496.0,16120.475057772464,-18.74,,JustEat,-18.739999999997963
2023-12-05,2024-04-30 08:27:00,730002588.0,15964.79932114482,-18.98,,Fitted Stitch,-18.98189363526035
2023-12-06,2024-04-30 09:01:00,282837512.0,15962.260664139694,-11.31,,Loosely Fitted,-11.3091010758435
2023-12-06,2024-04-30 11:34:00,308505160.0,15844.276129160617,-15.77,,Sainsbury,-15.77055500770257
2023-12-06,2024-04-30 04:43:00,657139925.0,15507.375279996146,-15.5,,Deliveroo,-15.5
2023-12-05,2024-04-30 08:19:00,500043411.0,15212.65047946702,-4.47,,Topshop,-4.465453898901615
2023-12-06,2024-04-30 04:16:00,450896297.0,15011.976491703188,-44.6,,Deliveroo,-44.600000000000364
2023-12-04,2024-04-30 16:07:00,392270893.0,14994.351402089738,-47.62,,Amazon,-47.62376951456645
2023-12-06,2024-04-30 05:34:00,899742927.0,14792.76173267226,-40.4,,Fat Face,-40.40171810078027
2023-12-06,2024-04-30 03:52:00,706250160.0,14762.79313078748,-19.7,,Boots,-19.702682931925665
2023-12-06,2024-04-30 17:40:00,235881534.0,14522.01579551679,-62.12,,Sainsbury,-62.11552137277977
2023-12-05,2024-04-30 06:14:00,905860285.0,14513.199385097956,-3.03,,Boots,-3.029915875968072
2023-12-06,2024-04-30 03:09:00,414805878.0,14506.029694591063,-29.48,,Deliveroo,-29.480000000001382
2023-12-05,2024-04-30 14:21:00,480198977.0,14242.352032593251,-59.98,,Five Senses Art,-94.96000000000095
2023-12-06,2024-04-30 07:10:00,441274121.0,14227.932981681912,-18.41,,Etsy,-18.413335370323693
2023-12-06,2024-04-30 02:57:00,510101371.0,14109.73176627904,-35.21,,JustEat,-35.210000000000946
2023-12-06,2024-04-30 07:50:00,586315521.0,14070.44229353735,-30.93,,Fitted Stitch,-30.92931711610072
2023-12-04,2024-04-30 17:18:00,858560423.0,14057.877253018789,-89.97,,Brilliant Brushes,-246.9399999999987
2023-12-06,2024-04-30 07:12:00,496395938.0,13740.081955590596,-42.3,,Revella,-42.29862511212741
2023-12-06,2024-04-30 03:22:00,113747882.0,13686.22592618471,-31.68,,Deliveroo,-31.68000000000029
2023-12-05,2024-04-30 07:46:00,672913754.0,13489.085723842123,-1.37,,Fat Face,-1.3651920271968265
2023-12-06,2024-04-30 17:29:00,806358207.0,13337.32805840264,-2.08,,Sainsbury,-2.083894455134214
2023-12-06,2024-04-30 06:51:00,169006407.0,13234.901783182886,-29.9,,Amazon,-29.898980733974895
2023-12-06,2024-04-30 07:38:00,822135975.0,13165.481359123029,-7.77,,AMAZON,-7.773125516310756
2023-12-04,2024-04-30 07:33:00,822718326.0,13137.345295024492,-13.89,,Topshop,-13.892706087392071
2023-12-05,2024-04-30 09:25:00,285873880.0,13084.061034812446,-14.19,,Loosely Fitted,-14.188848896588752
2023-12-06,2024-04-30 05:04:00,478412511.0,12829.869447002146,-24.56,,Boots,-24.56032772290564
2023-12-06,2024-04-30 06:10:00,285220959.0,12650.647598201354,-10.33,,Amazon,-10.32892073043331
2023-12-06,2024-04-30 05:19:00,873693307.0,12611.607492784851,-8.95,,Deliveroo,-8.950000000000728
2023-12-05,2024-04-30 10:07:00,143003091.0,12589.331013557226,-25.69,,Boots,-25.693201843798306
2023-12-06,2024-04-30 05:48:00,480557476.0,12571.4242298861,-1.24,,Etsy,-1.2359198460690095
2023-12-06,2024-04-30 09:00:00,540159353.0,12549.514556398535,-6.6,,Starbucks,-6.600000000000364
2023-12-04,2024-04-30 10:12:00,856957948.0,12512.321154533907,-36.97,,Five Senses Art,-36.970000000001164
2023-12-06,2024-04-30 03:16:00,473820682.0,12405.063549888171,-19.22,,Fat Face,-19.21595524436816
2023-12-05,2024-04-30 05:46:00,556992209.0,12277.315238008125,-30.17,,Tesco,-30.166737580275367
2023-12-06,,815385232.0,12245.673604529136,-2.11,,AMAZON,-2.1079768818508455
2023-12-06,2024-04-30 20:43:00,106601471.0,11920.401862653182,-37.25,,Coop Local,-37.24757562080231
2023-12-06,2024-04-30 08:53:00,373163757.0,11875.28980189042,-260.69,,Tesco,-260.6939999999995
2023-12-05,2024-04-30 20:34:00,844835978.0,11805.57763156293,-43.79,,Tesco,-43.79199999999946
2023-12-06,2024-04-30 19:35:00,285428103.0,11736.868336586644,-20.96,,Tesco,-20.95800000000054
2023-12-06,2024-04-30 08:18:00,973086490.0,11718.754580501383,-44.58,,Fat Face,-44.583293166888325
2023-12-06,2024-04-30 07:16:00,887853850.0,11590.792167847534,-25.76,,Revella,-25.75504491691754
2023-12-06,2024-04-30 08:52:00,245690309.0,11518.312130396998,-9.51,,Tesco,-9.505999999999403
2023-12-06,2024-04-30 08:20:00,874431242.0,11359.810305836769,-24.34,,JustEat,-24.340000000000146
2023-12-06,2024-04-30 08:04:00,270374623.0,11356.607721142083,-30.62,,Sainsbury,-30.61824580686516
2023-12-05,2024-04-30 09:42:00,129018172.0,11223.549468025862,-256.9,,Selfridges,-256.8999999999978
2023-12-06,2024-04-30 06:04:00,994214354.0,11145.584316772907,-32.88,,JustEat,-32.8799999999992
2023-12-06,2024-04-30 05:56:00,305778936.0,11083.122944862247,-15.98,,JustEat,-15.980000000001382
2023-12-06,2024-04-30 08:05:00,117273481.0,10927.647052867636,-35.95,,Sainsbury,
2023-12-06,2024-04-30 03:36:00,108481285.0,10704.071829999568,-9.01,,Selfridges,-9.009362395343487
2023-12-06,2024-04-30 02:16:00,348325817.0,10586.238419024628,-28.25,,Deliveroo,-28.25
2023-12-06,2024-04-30 08:16:00,897714622.0,10540.89143803414,-3.06,,Loosely Fitted,-3.062552006893384
2023-12-06,2024-04-30 06:31:00,930277104.0,10337.830857266012,-28.49,,Deliveroo,-28.48999999999978
2023-12-05,2024-04-30 17:28:00,315078351.0,10292.569636643486,-39.93,,Topshop,-39.92861019712291
2023-12-06,2024-04-30 08:33:00,951817450.0,10238.836518685444,-64.2,,Tesco,-64.2039999999979
2023-12-06,2024-04-30 05:40:00,738958551.0,10086.700609226837,-38.65,,JustEat,-38.649999999999636
2023-12-06,2024-04-30 06:09:00,668329719.0,10057.802670998077,-6.78,,Selfridges,-6.775539270473018
2023-12-04,2024-04-30 13:29:00,284905540.0,9984.388805745331,-107.8,,Matalan,-107.79999999999927
2023-12-06,2024-04-30 17:48:00,667367404.0,9973.533900824652,-35.84,,JD Sports,-35.840000000000146
2023-12-06,2024-04-30 08:08:00,785749304.0,9947.97147489076,-5.17,,Topshop,-5.165084963058689
2023-12-05,2024-04-30 09:18:00,851649498.0,9932.111384036396,-5.65,,Starbucks,-5.649999999999636
2023-12-06,2024-04-30 19:34:00,344219145.0,9858.600996107834,-14.74,,Fat Face,-14.74195720149146
2023-12-06,2024-04-30 05:00:00,200080192.0,9773.744708105472,-18.74,,Deliveroo,-18.73999999999978
2023-12-02,2024-04-30 08:23:00,948558249.0,9728.913461815642,-7.6,,Starbucks,-84.53999999999724
2023-12-06,2024-04-30 21:05:00,824916823.0,9709.172158853497,-32.94,,Deliveroo,-32.93999999999869
2023-12-06,2024-04-30 08:36:00,613729471.0,9687.858016449063,-3.69,,Amazon,-3.6917583179802023
2023-12-06,2024-04-30 06:12:00,364357875.0,9672.496678125137,-57.64,,Sainsbury Local,-57.64470574309962
2023-12-06,2024-04-30 17:31:00,166019891.0,9564.1365287916,-6.14,,Sports Direct,-6.140000000001237
2023-12-06,2024-04-30 05:28:00,331450202.0,9424.417058100662,-26.95,,Topshop,-26.948354198333618
2023-12-06,2024-04-30 07:39:00,461029994.0,9335.613297163543,-30.6,,Boots,-30.596942377413143
2023-12-06,2024-04-30 03:03:00,853907490.0,9292.409090558907,-10.7,,Deliveroo,-10.700000000000728
2023-12-06,2024-04-30 07:19:00,609939116.0,9241.717366495272,-9.27,,AMAZON,-9.266523396574485
2023-12-06,2024-04-30 18:58:00,503575533.0,9228.598110679244,-16.61,,Fat Face,-16.613613456196617
2023-12-06,2024-04-30 07:37:00,992204045.0,9203.49969809077,-18.09,,Amazon,-18.086739210988526
2023-12-06,2024-04-30 05:46:00,736340277.0,9131.894176335629,-19.45,,Deliveroo,-19.44999999999891
2023-12-06,2024-04-30 02:49:00,572384506.0,9094.065703743796,-44.09,,Deliveroo,-44.090000000000146
2023-12-06,2024-04-30 04:10:00,461990622.0,9071.230221046071,-16.05,,Sainsbury Local,-16.045926161288662
2023-12-06,2024-04-30 08:46:00,287480331.0,9028.361264385274,-45.55,,Sainsbury,-45.54529237441966
2023-12-06,2024-04-30 05:34:00,151968462.0,8996.188461960946,-18.87,,Coop Local,-18.872111793905788
2023-12-06,2024-04-30 09:47:00,399538448.0,8876.661997995912,-5.35,,Coffee #1,-5.350000000000364
2023-12-06,2024-04-30 06:29:00,910730524.0,8786.185130228474,-33.37,,Selfridges,-33.369755549261754
2023-12-06,2024-04-30 03:27:00,520447032.0,8772.699172869205,-24.13,,Deliveroo,-24.1299999999992
2023-12-06,2024-04-30 08:52:00,675806859.0,8748.429391554819,-28.03,,AMAZON,-28.02833038839526
2023-12-05,2024-04-30 11:49:00,475117511.0,8531.985388645127,-28.0,,Sports Direct,-28.0
2023-12-06,2024-04-30 12:37:00,355940285.0,8486.955978189684,-198.8,,Fat Face,-239.74999999999818
2023-12-06,2024-04-30 20:48:00,522188082.0,8471.141436684238,-17.05,,AMAZON,-17.047296528637162
2023-12-06,2024-04-30 06:27:00,433917275.0,8376.325478449684,-29.5,,Deliveroo,-29.5
2023-12-06,2024-04-30 06:34:00,229205098.0,8320.990344041444,-5.35,,Coop Local,-5.347031985696958
2023-12-06,2024-04-30 08:02:00,752362502.0,8315.877873675552,-22.18,,Fat Face,-22.184474833871718
2023-12-04,2024-04-30 17:11:00,449871732.0,8261.684369968103,-22.08,,Revella,-22.084760884692514
2023-12-06,2024-04-30 17:06:00,551755686.0,8215.998926654152,-66.98,,Sports Direct,-66.97999999999956
2023-12-06,2024-04-30 07:00:00,549414742.0,8203.137280528164,-27.94,,Deliveroo,-27.94000000000051
2023-12-06,2024-04-30 06:30:00,322720763.0,8179.668327825511,-1.98,,Sainsbury Local,-1.9765556065613055
2023-12-06,2024-04-30 06:14:00,471897866.0,8083.115346481349,-45.36,,Boots,-45.35899801894084
2023-12-06,2024-04-30 04:23:00,683319988.0,8045.751369550388,-29.89,,Deliveroo,-29.890000000001237
2023-12-06,2024-04-30 20:23:00,143061865.0,8033.846634939098,-4.03,,AMAZON,-4.030151349827975
2023-12-03,2024-04-30 14:43:00,141521177.0,7967.919900000015,-96.8,,Tesco,-96.79600000000028
2023-12-04,2024-04-30 17:45:00,140893085.0,7895.613056365462,-193.79,,Tesco,-238.7579999999998
2023-12-06,2024-04-30 07:07:00,195895574.0,7817.029365980238,-22.29,,JustEat,-22.289999999999964
2023-12-06,2024-04-30 17:34:00,613427466.0,7765.943455264379,-20.97,,The Works,-20.970000000000255
2023-12-06,2024-04-30 08:20:00,822250278.0,7757.276848955016,-4.28,,Fitted Stitch,-4.277036775844863
2023-12-06,2024-04-30 07:45:00,187111705.0,7684.156332690096,-26.31,,Amazon,-26.310846622400277
2023-12-06,2024-04-30 20:23:00,252760664.0,7647.841241461462,-59.13,,AMAZON,-59.12993344919505
2023-12-06,2024-04-30 06:22:00,256002321.0,7607.190537128446,-15.94,,JustEat,-15.9399999999996
2023-12-06,2024-04-30 16:22:00,698076160.0,7592.678837201855,-45.92,,Blackwell's,-45.92000000000007
2023-12-06,2024-04-30 17:47:00,758160963.0,7589.681724777471,-0.96,,Coop Local,-0.9639119392822977
2023-12-06,2024-04-30 07:04:00,769311479.0,7455.482490566695,-11.12,,Sainsbury Local,-11.116623411999171
2023-12-06,2024-04-30 06:47:00,534325901.0,7382.846085315585,-6.99,,JustEat,-6.989999999999782
2023-12-06,2024-04-30 13:17:00,688712152.0,7288.218690701315,-7.15,,Starbucks,-7.149999999999636
2023-12-06,2024-04-30 09:44:00,588565416.0,7278.932079939112,-20.07,,AMAZON,-20.070908720223088
2023-12-06,2024-04-30 12:31:00,996042490.0,7222.008082430419,-16.22,,Boots,-16.22207114626417
2023-12-06,2024-04-30 05:44:00,511179916.0,7158.755910645969,-0.26,,Topshop,-0.2562868865516066
2023-12-06,2024-04-30 03:53:00,264550521.0,7112.292628948262,-6.86,,Loosely Fitted,-6.860598813533215
2023-12-06,2024-04-30 05:51:00,587225252.0,7105.550048551972,-34.45,,Deliveroo,-34.44999999999982
2023-12-06,2024-04-30 04:29:00,237684254.0,7080.611596857049,-15.4,,Amazon,-15.399665309785632
2023-12-05,2024-04-30 08:30:00,491392945.0,6985.347500000012,-43.79,,Tesco,-104.74199999999928
2023-12-05,2024-04-30 12:28:00,534204159.0,6841.784305185661,-30.64,,Deliveroo,-30.640000000000327
2023-12-06,2024-04-30 03:11:00,482513594.0,6812.425865916463,-27.11,,Amazon,-27.111054570249507
2023-12-06,2024-04-30 03:18:00,639549973.0,6631.644613704224,-28.81,,Loosely Fitted,-28.81139443934444
2023-12-06,2024-04-30 06:41:00,213112754.0,6535.148770299568,-37.05,,Tesco,-37.053357637785666
2023-12-01,2024-04-30 00:00:00,878989510.0,6494.843467815366,2472.0,,Sunny Care Nursery,836.9699999999993
2023-12-03,2024-04-30 12:55:00,199016328.0,6467.201035099075,-37.95,,The Works,-53.9399999999996
2023-12-06,2024-04-30 08:01:00,280268430.0,6396.739433262342,-15.73,,Amazon,-15.733290691453476
2023-12-06,2024-04-30 06:17:00,134461671.0,6341.531001320822,-45.83,,Tesco,-45.82670214460268
2023-12-06,2024-04-30 09:11:00,815993333.0,6252.604066515882,-14.49,,Amazon,-14.488567311645966
2023-12-06,2024-04-30 18:07:00,633345190.0,6206.291233244409,-28.98,,Deliveroo,-28.979999999999563
2023-12-06,2024-04-30 04:37:00,145387690.0,6198.162708345381,-0.02,,Amazon,-0.018377134454567567
2023-12-06,2024-04-30 05:25:00,290818242.0,6196.649246938613,-2.65,,Tesco,-2.6467590629636106
2023-12-06,2024-04-30 06:49:00,324224854.0,6155.15932728805,-49.4,,Revella,-49.40448291833036
2023-12-06,2024-04-30 04:23:00,120634201.0,6126.390521925363,-23.38,,Deliveroo,-23.38000000000011
2023-12-02,2024-04-30 10:57:00,585133606.0,6121.504711631687,-51.98,,Five Senses Art,-51.97999999999956
2023-12-06,2024-04-30 06:55:00,987656636.0,6121.258897035102,-1.41,,Tesco,-1.412635922755726
2023-12-04,2024-04-30 02:34:00,215311171.0,6088.249923382263,-32.72,,Coop Local,-32.72327048006082
2023-12-06,2024-04-30 09:22:00,834383043.0,6081.761415159748,-5.99,,Brilliant Brushes,-5.989999999999782
2023-12-06,2024-04-30 08:32:00,851181128.0,6002.123241098415,-40.89,,Revella,-40.89003812630199
2023-12-05,2024-04-30 10:01:00,727417797.0,5963.403626772112,-6.99,,Five Senses Art,-6.989999999999782
2023-12-06,2024-04-30 04:28:00,408057540.0,5941.451037500422,-38.42,,Deliveroo,-38.42000000000007
2023-12-04,2024-04-30 07:48:00,986267641.0,5907.841578567127,-41.54,,Sainsbury,-41.539454042199395
2023-12-06,2024-04-30 11:21:00,767447966.0,5750.274922706574,-161.55,,Tesco,-161.55299999999988
2023-12-04,2024-04-30 12:21:00,355733816.0,5689.123720118672,-16.97,,The Works,-16.970000000000255
2023-12-05,2024-04-30 04:50:00,623156843.0,5662.060876498848,-61.64,,Selfridges,-61.63722647259692
2023-12-01,2024-04-30 00:00:00,314980178.0,5585.266850000006,-1285.0,,LBG,-1285.0
2023-12-05,2024-04-30 06:05:00,429556122.0,5578.510459904381,-53.03,,Selfridges,-53.03353843935474
2023-12-06,2024-04-30 07:10:00,221868392.0,5509.985711621034,-41.54,,JustEat,-41.539999999999964
2023-12-06,2024-04-30 05:41:00,940569402.0,5476.6096663072085,-15.35,,Deliveroo,-15.350000000000364
2023-12-01,2024-04-30 00:00:00,551196328.0,5438.005465435383,-567.0,,Halifax,57.95999999999913
2023-12-04,2024-04-30 09:46:00,653667523.0,5400.661594121482,-24.95,,The Works,-24.949999999999818
2023-12-04,2024-04-30 19:25:00,919185264.0,5398.249728102833,-11.71,,Coop Local,-11.706131637503859
2023-12-02,2024-04-30 09:26:00,663479159.0,5388.961541827712,-27.95,,The Works,-43.9399999999996
2023-12-05,2024-04-30 10:01:00,700138124.0,5335.998411230337,-48.57,,Sports Direct,-48.56999999999971
2023-12-01,2024-04-30 00:00:00,780463728.0,5216.08087094224,-508.0,,LBG,40.969999999999345
2023-12-06,2024-04-30 03:03:00,146909202.0,5213.262376844087,-19.68,,Deliveroo,-19.68000000000029
2023-12-06,2024-04-30 06:41:00,532478725.0,5164.739997218351,-35.34,,JustEat,-35.340000000000146
2023-12-01,2024-04-30 00:00:00,425964226.0,5109.780764114707,-799.0,,Halifax,140.96999999999935
2023-12-05,2024-04-30 10:29:00,779376323.0,5007.615833981341,-49.99,,Grand Union BJJ,-49.98999999999978
2023-12-06,2024-04-30 07:53:00,435984758.0,4906.494937013028,-37.15,,Coop Local,-37.148831516346036
2023-12-06,2024-04-30 06:15:00,541639148.0,4887.402347029749,-22.76,,Topshop,-22.76401643859117
2023-12-05,2024-04-30 06:22:00,492215823.0,4866.902223815445,-30.83,,Deliveroo,-30.829999999999927
2023-12-01,2024-04-30 00:00:00,435313070.0,4675.0733330332205,2046.0,,Fat Face,1263.9899999999998
2023-12-01,2024-04-30 00:00:00,627917561.0,4659.515050000006,-856.0,,Halifax,42.969999999999345
2023-12-06,2024-04-30 05:10:00,198946608.0,4654.112882807986,-84.56,,Lloyds Pharmacy,-84.55943797717555
2023-12-05,2024-04-30 06:37:00,812692024.0,4603.383712951308,-48.29,,Coop Local,-48.287877570515775
2023-12-06,2024-04-30 03:42:00,987163717.0,4586.546078176684,-41.14,,Deliveroo,-41.14000000000033
2023-12-06,2024-04-30 06:25:00,842682241.0,4551.820732562672,-44.67,,Selfridges,-44.67261980405692
2023-12-06,2024-04-30 06:44:00,655368335.0,4542.236533799308,-57.57,,Lloyds Pharmacy,-57.56799948938442
2023-12-03,2024-04-30 05:24:00,361201224.0,4531.23456841002,-3.37,,Sainsbury,-3.368816422071177
2023-12-06,2024-04-30 12:23:00,854895960.0,4521.580161043493,-9.29,,Coop Local,-44.27313024684645
2023-12-06,2024-04-30 03:46:00,179173981.0,4485.374630008081,-30.93,,JustEat,-30.93000000000029
2023-12-06,2024-04-30 06:28:00,678851253.0,4465.386209778264,-57.09,,Boots,-57.09040775221911
2023-12-05,2024-04-30 18:05:00,405945930.0,4373.886219465059,-22.9,,JustEat,-22.899999999999636
2023-12-06,2024-04-30 12:12:00,679943657.0,4360.938889180138,-5.4,,Starbucks,-5.399999999999636
2023-12-06,2024-04-30 07:03:00,836110591.0,4340.178623559948,-48.9,,Deliveroo,-48.89999999999873
2023-12-06,2024-04-30 04:37:00,322221939.0,4333.540229187524,-17.48,,Selfridges,-17.483891859371397
2023-12-06,2024-04-30 09:42:00,137822385.0,4277.775703161885,-27.96,,Blackwell's,-27.960000000000036
2023-12-06,2024-04-30 19:24:00,949032480.0,4252.421909474946,-30.84,,Deliveroo,-30.840000000000146
2023-12-06,2024-04-30 13:31:00,570323670.0,4162.487256450264,-0.53,,Topshop,-0.5255930904413617
2023-12-06,2024-04-30 10:28:00,570269025.0,4094.779145837062,-41.99,,Sports Direct,-41.98999999999978
2023-12-06,2024-04-30 05:13:00,933491926.0,4080.180218368096,-35.4,,Topshop,-35.404865001398775
2023-12-02,2024-04-30 19:39:00,550832673.0,4078.9460163955114,-68.11,,Tesco,-210.08999999999878
2023-12-06,2024-04-30 10:01:00,903953091.0,4073.388790134576,-5.5,,Starbucks,-5.5
2023-12-06,2024-04-30 09:16:00,558875206.0,4061.7375393997822,-5.7,,Costa Coffee,-5.699999999999818
2023-12-06,2024-04-30 17:26:00,859603181.0,4024.788125197536,-22.04,,The Works,-22.039999999999964
2023-12-05,2024-04-30 17:44:00,627622066.0,3988.562372169631,-60.98,,Sports Direct,-60.98000000000002
2023-12-06,2024-04-30 05:55:00,766941757.0,3980.624664992592,-26.59,,JustEat,-26.5900000000006
2023-12-06,2024-04-30 07:44:00,519644021.0,3943.7010716011023,-0.27,,Tesco,-0.273948268305503
2023-12-06,2024-04-30 03:14:00,601627384.0,3902.2943156550623,-34.88,,JustEat,-34.88000000000011
2023-12-06,2024-04-30 03:03:00,383625050.0,3869.922966993743,-14.49,,Coop Local,-14.488664796998364
2023-12-03,2024-04-30 08:11:00,868377987.0,3805.4556567228888,-31.09,,AMAZON,-108.02998945499121
2023-12-05,2024-04-30 12:25:00,661295096.0,3797.348214784424,-35.98,,Cass Art,-35.98000000000002
2023-12-06,2024-04-30 17:28:00,147474476.0,3795.530859120132,-21.97,,The Works,-21.969999999999345
2023-12-05,2024-04-30 03:01:00,559995067.0,3780.022699942541,-38.36,,Selfridges,-38.36453476750967
2023-12-06,2024-04-30 06:53:00,414454079.0,3777.5148500000014,-33.85,,Deliveroo,-33.85000000000082
2023-12-06,2024-04-30 17:38:00,901432314.0,3716.9431607333145,-43.87,,Sainsbury Local,-43.871581015766424
2023-12-04,2024-04-30 08:37:00,423208402.0,3705.139450000004,-33.5,,Tesco,-33.49605000000065
2023-12-06,2024-04-30 20:00:00,531186970.0,3693.1588078659806,-26.56,,Sainsbury,-26.558577432445873
2023-12-05,2024-04-30 06:00:00,409971170.0,3662.396047950587,-51.82,,Sainsbury,-51.8169975209903
2023-12-06,2024-04-30 08:13:00,776431321.0,3652.536972173123,-17.16,,Etsy,-17.16142313046248
2023-12-06,2024-04-30 07:17:00,116598243.0,3634.474221777451,-6.05,,Starbucks,-6.050000000000182
2023-12-05,2024-04-30 04:55:00,611143859.0,3613.1274000000135,-39.5,,Deliveroo,-39.5
2023-12-05,2024-04-30 03:58:00,421881811.0,3598.3046994878987,-19.05,,Sainsbury Local,-19.048793131893945
2023-12-02,2024-04-30 09:18:00,703478110.0,3595.3477499085843,-21.97,,The Works,-37.95999999999958
2023-12-06,2024-04-30 16:35:00,886921642.0,3579.9125023806964,-20.45,,Deliveroo,-20.449999999999363
2023-12-05,2024-04-30 18:32:00,624500124.0,3576.2903506052976,-107.02,,Tesco,-107.01600000000008
2023-12-06,2024-04-30 04:17:00,885259672.0,3571.09191292673,-2.93,,Coop Local,-2.925424525413291
2023-12-02,2024-04-30 10:32:00,184430449.0,3545.53633239109,-59.98,,Reebok,-135.92999999999893
2023-12-06,2024-04-30 04:24:00,679911053.0,3529.6543862333683,-16.96,,Lloyds Pharmacy,-16.95533967047686
2023-12-01,2024-04-30 00:00:00,487051121.0,3516.4106208703943,2472.0,,Lavender Primary,1642.9799999999998
2023-12-01,2024-04-30 00:00:00,685959099.0,3418.822866099244,1736.92,,Lavender Fields,48.95999999999958
2023-12-05,2024-04-30 09:15:00,352291960.0,3357.4650533035738,-135.34,,Tesco,-135.3449999999998
2023-12-01,2024-04-30 00:00:00,203466392.0,3323.441696095524,2841.66,,Lavender Primary,712.9699999999993
2023-12-01,2024-04-30 00:00:00,134847904.0,3318.7619834790694,-515.0,,Halifax,169.9399999999987
2023-12-04,2024-04-30 08:11:00,454356905.0,3258.5011190301416,-27.39,,Loosely Fitted,-27.39305396761847
2023-12-06,2024-04-30 11:51:00,494789005.0,3257.1066688728656,-31.7,,Fitted Stitch,-31.701193294794393
2023-12-05,2024-04-30 07:54:00,741903302.0,3243.5596174915186,-0.16,,AMAZON,-0.1562504437433745
2023-12-06,2024-04-30 20:15:00,835736339.0,3147.3795783833075,-26.09,,AMAZON,-26.086441307631503
2023-12-06,2024-04-30 10:34:00,916270283.0,3147.0302500000016,-35.95,,Blackwell's,-35.94999999999936
2023-12-03,2024-04-30 13:24:00,866941383.0,3130.7584803036743,-17.97,,The Works,-17.9699999999998
2023-12-04,2024-04-30 09:42:00,405416860.0,3117.369406880905,-34.29,,Fat Face,-104.24599999999964
2023-12-06,2024-04-30 16:54:00,605116158.0,3108.0777000000053,-28.0,,Sports Direct,-28.0
2023-12-06,2024-04-30 07:06:00,709608057.0,3086.121024181713,-36.29,,JustEat,-36.29000000000042
2023-12-03,2024-04-30 09:40:00,517190750.0,3069.3485899154125,-22.02,,Grand Union BJJ,-138.00999999999976
2023-12-06,2024-04-30 05:05:00,819515373.0,3049.3261876645106,-75.58,,Sainsbury Local,-75.57624839928485
2023-12-01,2024-04-30 00:00:00,673818591.0,3002.6821753758404,2000.0,,Selfridges,1254.99
2023-12-04,2024-04-30 09:19:00,233981231.0,2994.7607227241697,-1.99,,Brilliant Brushes,-36.969999999999345
2023-12-03,2024-04-30 09:15:00,254853117.0,2964.0907773361982,-22.98,,The Works,-22.980000000000018
2023-12-04,2024-04-30 09:22:00,298007503.0,2952.4841036256344,-173.6,,Fat Face,-173.5999999999999
2023-12-06,2024-04-30 05:44:00,128033695.0,2936.6604201137548,-44.61,,Coop Local,-44.61160021151272
2023-12-02,2024-04-30 09:28:00,585596026.0,2925.8311185692573,-24.95,,Wool,-112.88999999999851
2023-12-06,2024-04-30 08:46:00,970298834.0,2888.816150913943,-19.0,,Tesco,-18.999291595867817
2023-11-30,2024-04-30 00:00:00,126929801.0,2881.833819212563,1842.5,,Jollyes,1842.5000000000002
2023-12-06,2024-04-30 08:35:00,425730826.0,2866.7469093887203,-18.43,,Tesco,-18.434999999999945
2023-12-01,2024-04-30 00:00:00,854513972.0,2816.9177,-571.0,,LBG,34.97999999999956
2023-12-06,2024-04-30 07:29:00,187541224.0,2773.934627433773,-38.83,,Deliveroo,-38.82999999999993
2023-12-06,2024-04-30 13:12:00,585625048.0,2706.471883013491,-5.8,,Starbucks,-5.800000000000637
2023-12-02,2024-04-30 14:39:00,586041848.0,2699.7427000000007,-153.97,,Tesco,-153.97199999999975
2023-12-06,2024-04-30 04:19:00,749378808.0,2698.2548913460328,-32.99,,JustEat,-32.98999999999978
2023-12-04,2024-04-30 18:07:00,876890798.0,2686.899570699935,-61.37,,Tesco,-204.33619999999928
2023-12-05,2024-04-30 16:19:00,785210466.0,2683.7477969465604,-18.49,,Deliveroo,-18.48999999999978
2023-12-06,2024-04-30 17:50:00,520418719.0,2675.775300000004,-43.47,,Tesco,-43.471050000000105
2023-12-06,2024-04-30 19:35:00,867987292.0,2672.828312441252,-0.47,,Topshop,-0.47419326042381726
2023-12-06,2024-04-30 13:03:00,340321732.0,2656.489250000004,-5.0,,Starbucks,-5.0
2023-12-03,2024-04-30 11:13:00,913127700.0,2637.963138011117,-174.8,,Tesco,-217.77399999999943
2023-12-06,2024-04-30 08:28:00,659415300.0,2629.507146218075,-60.99,,Tesco,-60.98714999999993
2023-12-03,2024-04-30 12:20:00,846550094.0,2625.5792671741456,-69.99,,Sports Direct,-131.9399999999987
2023-12-06,2024-04-30 10:20:00,127809299.0,2576.975771126573,-28.0,,Sports Direct,-28.0
2023-12-01,2024-04-30 00:00:00,781554833.0,2575.3302255639665,1695.0,,Selfridges,1037.95
2023-12-05,2024-04-30 15:31:00,955035930.0,2564.6684791714783,-8.98,,Brilliant Brushes,-124.9699999999998
2023-12-05,2024-04-30 20:43:00,152488934.0,2545.127157313732,-40.9,,Tesco,-185.85749999999916
2023-12-04,2024-04-30 13:03:00,570410059.0,2540.852146776312,-64.5,,Topshop,-64.5
2023-12-03,2024-04-30 11:19:00,497809732.0,2520.5278695525963,-18.48,,Five Senses Art,-53.45999999999958
2023-12-05,2024-04-30 16:32:00,678330503.0,2508.672070991702,-24.99,,Amazon,-24.991668043340724
2023-12-06,2024-04-30 10:39:00,441142605.0,2472.4303733518577,-21.98,,Five Senses Art,-21.980000000000018
2023-12-01,2024-04-30 00:00:00,197865285.0,2471.3533117312204,2870.0,,Cass Art,2019.98
2023-12-05,2024-04-30 18:10:00,226703987.0,2458.8321365470747,-35.0,,Fat Face,-50.98999999999978
2023-12-06,2024-04-30 07:05:00,310375875.0,2451.936007188775,-26.06,,Etsy,-26.056377288648946
2023-12-05,2024-04-30 02:14:00,479366718.0,2442.3724130004225,-8.89,,Loosely Fitted,-8.888935139619662
2023-12-06,2024-04-30 09:22:00,683078800.0,2404.945389942463,-7.3,,Starbucks,-7.300000000000182
2023-12-03,2024-04-30 15:13:00,176922958.0,2360.5325471976503,-75.77,,Tesco,-75.76800000000003
2023-12-06,2024-04-30 06:38:00,399144202.0,2338.88132556208,-31.23,,Revella,-31.227902017073575
2023-12-06,2024-04-30 04:58:00,925037906.0,2332.352800000002,-21.7,,JustEat,-45.67999999999938
2023-12-05,2024-04-30 13:55:00,995615876.0,2331.76286187726,-33.64,,Deliveroo,-33.63999999999942
2023-12-01,2024-04-30 00:00:00,782013626.0,2323.831199311629,2500.0,,Fitted Stitch,123.98000000000002
2023-12-04,2024-04-30 09:28:00,757115616.0,2311.5000000000045,-32.96,,The Works,-32.960000000000036
2023-12-01,2024-04-30 00:00:00,361955473.0,2308.393745244084,2500.0,,Premier Finance,1619.99
2023-12-02,2024-04-30 16:53:00,376271050.0,2296.145681627471,-49.97,,Five Senses Art,-57.95999999999958
2023-12-06,2024-04-30 03:20:00,779236304.0,2281.037595479535,-38.84,,Deliveroo,-38.840000000000146
2023-12-06,2024-04-30 16:21:00,829914501.0,2267.828806570975,-82.19,,Tesco,-82.19399999999996
2023-12-06,2024-04-30 13:18:00,849096144.0,2206.6420207513447,-6.5,,Starbucks,-6.5
2023-12-04,2024-04-30 17:22:00,255814263.0,2201.150603488462,-58.91,,Blackwell's,-58.909999999999854
2023-12-06,2024-04-30 09:53:00,865748375.0,2185.3155600401788,-42.44,,Lloyds Pharmacy,-42.44276609391727
2023-12-05,2024-04-30 08:08:00,117308635.0,2175.931176555349,-28.33,,AMAZON,-28.330439093440873
2023-12-03,2024-04-30 13:05:00,603375739.0,2167.183063023268,-166.74,,Tesco,-166.73999999999978
2023-12-01,2024-04-30 00:00:00,971010829.0,2153.115056444245,2083.0,,Premier Finance,1463.99
2023-12-01,2024-04-30 00:00:00,227104649.0,2131.1670343161777,1675.0,,A Yarn Story,32.969999999999345
2023-12-04,2024-04-30 18:35:00,486495235.0,2120.933860076208,-38.92,,Deliveroo,-38.92000000000007
2023-12-06,2024-04-30 17:08:00,656812046.0,2118.092753732519,-26.17,,JustEat,-26.170000000000528
2023-12-06,2024-04-30 11:16:00,793781222.0,2064.9808789474077,-71.97,,Five Senses Art,-71.96999999999935
2023-12-03,2024-04-30 12:30:00,741269136.0,2064.265950000003,-21.97,,The Works,-70.92999999999893
2023-12-06,2024-04-30 03:38:00,604288474.0,2061.2172287000253,-9.33,,Boots,-9.331176314123695
2023-12-01,2024-04-30 00:00:00,616924659.0,2050.384579823085,2780.0,,North Face,2235.98
2023-12-04,2024-04-30 11:20:00,986774156.0,2042.6569316257692,-5.99,,Sports Direct,-5.9900000000002365
2023-12-01,2024-04-30 00:00:00,713641917.0,2041.9588459567872,1287.0,,Selfridges,493.97
2023-12-01,2024-04-30 00:00:00,235663459.0,2035.558929812015,1596.0,,Westport Care Home,922.98
2023-12-04,2024-04-30 09:38:00,444428189.0,2021.126200000004,-55.3,,Loosely Fitted,-135.2399999999982
2023-12-06,2024-04-30 08:18:00,336557504.0,2016.7507123661103,-7.5,,Starbucks,-7.5
2023-12-01,2024-04-30 00:00:00,183546640.0,2014.2906973477336,1842.5,,Brilliant Brushes,1665.9699999999998
2023-12-05,2024-04-30 08:53:00,138609932.0,2004.1640032945857,-5.8,,Costa Coffee,-5.7999999999999545
2023-12-06,2024-04-30 09:38:00,575652395.0,1997.402048650919,-48.16,,Sports Direct,-48.16000000000008
2023-12-06,2024-04-30 08:05:00,395284483.0,1996.6903402113087,-5.7,,Coffee #1,-5.7000000000000455
2023-12-01,2024-04-30 08:51:00,518466565.0,1943.2214999999992,-155.09,,Tesco,-155.09130000000005
2023-12-05,2024-04-30 16:57:00,788740658.0,1940.4714690169988,-6.0,,The Works,-6.0
2023-12-01,2024-04-30 00:00:00,274818272.0,1936.2675785671315,1819.0,,Westport Care Home,1388.9800000000002
2023-12-06,2024-04-30 15:28:00,388862238.0,1904.5065355055185,-177.98,,Sports Direct,-177.98000000000002
2023-12-03,2024-04-30 10:25:00,121858569.0,1900.791150000002,-44.64,,Tesco,-144.64000000000033
2023-12-04,2024-04-30 15:32:00,250895529.0,1895.824532469289,-104.0,,Revella,-104.0
2023-12-06,2024-04-30 17:09:00,647936800.0,1872.439854554387,-4.07,,Etsy,-4.068954310371282
2023-12-04,2024-04-30 09:54:00,448004226.0,1868.59236866488,-57.99,,Reebok,-57.99000000000001
2023-12-05,2024-04-30 20:47:00,355602925.0,1823.767392453807,-61.61,,Tesco,-61.60559999999987
2023-12-04,2024-04-30 05:05:00,956717493.0,1822.3396622581224,-18.06,,Lloyds Pharmacy,-18.062488177862406
2023-12-06,2024-04-30 09:13:00,116169597.0,1797.8269499999994,-16.98,,Five Senses Art,-16.980000000000246
2023-12-03,2024-04-30 09:30:00,398429109.0,1792.6870000000008,-34.95,,The Works,-34.950000000000045
2023-12-06,2024-04-30 18:34:00,170637730.0,1772.473201280178,-11.68,,Boots,-11.680343391252109
2023-12-06,2024-04-30 03:04:00,670102069.0,1767.158817831161,-27.39,,JustEat,-27.3900000000001
2023-12-04,2024-04-30 17:25:00,442070890.0,1765.3824124443709,-119.97,,Sports Direct,-119.97000000000003
2023-12-04,2024-04-30 10:07:00,711045550.0,1744.4013500000042,-320.6,,Selfridges,-320.5999999999999
2023-12-01,2024-04-30 00:00:00,509627909.0,1736.8046499999991,1675.0,,Tesco,1673.97
2023-12-02,2024-04-30 13:39:00,534583529.0,1735.0475880547651,-16.85,,JustEat,-52.809999999999945
2023-12-05,2024-04-30 17:24:00,516051449.0,1719.3441491108483,-82.24,,Tesco,-82.23599999999965
2023-12-03,2024-04-30 12:34:00,329840194.0,1710.344730143148,-74.28,,Tesco,-74.27700000000027
2023-12-02,2024-04-30 09:58:00,403383649.0,1708.604803153171,-30.98,,Blackwell's,-46.9699999999998
2023-12-05,2024-04-30 17:40:00,137913631.0,1696.9082499999995,-19.99,,Sports Direct,-19.99000000000001
2023-12-06,2024-04-30 09:26:00,475277431.0,1692.5291369436188,-141.85,,Tesco,-141.85500000000002
2023-12-01,2024-04-30 00:00:00,994947671.0,1682.7557000000006,-590.0,,LBG,43.97000000000003
2023-12-06,2024-04-30 08:36:00,308897841.0,1641.254899999999,-61.81,,Tesco,-61.80510000000004
2023-12-05,2024-04-30 18:08:00,893134725.0,1631.124100776119,-59.76,,Tesco,-59.75690000000009
2023-12-01,2024-04-30 00:00:00,637433131.0,1599.090799999999,1706.0,,Westport Care Home,1161.95
2023-12-06,2024-04-30 09:05:00,472995101.0,1598.6573340990833,-88.92,,Tesco,-88.91714999999999
2023-12-01,2024-04-30 00:00:00,308068836.0,1590.7315225681923,2472.0,,Lavender Primary,935.94
2023-11-30,2024-04-30 23:59:00,235310449.0,1589.31118483031,-15.99,,Netflix,-15.990000000000009
2023-12-04,2024-04-30 09:58:00,924045955.0,1579.929442658665,-95.08,,Sports Direct,-95.07999999999993
2023-12-05,2024-04-30 10:44:00,407574996.0,1578.8296093809372,-302.4,,Fat Face,-302.4000000000001
2023-12-06,2024-04-30 18:58:00,180616589.0,1574.6108282361097,-14.0,,Tesco,-14.0
2023-12-06,2024-04-30 17:18:00,494977194.0,1571.9724705975789,-130.87,,Tesco,-130.87200000000007
2023-12-06,2024-04-30 04:54:00,760704118.0,1565.5983127174895,-21.49,,JustEat,-21.49000000000001
2023-12-02,2024-04-30 14:50:00,833499132.0,1535.0086000000024,-21.97,,The Works,-21.970000000000027
2023-12-05,2024-04-30 17:19:00,479456865.0,1527.6363618641742,-32.97,,Wool,-32.97000000000003
2023-12-06,2024-04-30 17:54:00,370757362.0,1523.5160236036174,-231.97,,Reebok,-231.97000000000025
2023-12-06,2024-04-30 06:19:00,718058208.0,1520.49857041276,-21.23,,Tesco,-21.23159139744166
2023-12-01,2024-04-30 17:25:00,828750680.0,1511.83214521368,-49.99,,Five Senses Art,-49.99000000000001
2023-12-01,2024-04-30 00:00:00,519933553.0,1508.3510041507284,1542.5,,Craftastic,1049.94
2023-12-02,2024-04-30 08:06:00,527842638.0,1505.6600426329835,-5.6,,Starbucks,-5.599999999999909
2023-12-05,2024-04-30 12:31:00,427909748.0,1501.8732000000164,-32.49,,Deliveroo,-32.49000000000001
2023-12-06,2024-04-30 19:18:00,762700245.0,1482.8717000000024,-26.45,,JustEat,-26.450000000000045
2023-12-01,2024-04-30 00:00:00,172084472.0,1474.0592784042817,1943.0,,Westport Care Home,1300.0000000000002
2023-12-06,2024-04-30 13:19:00,593378953.0,1469.7296500000048,-6.0,,Starbucks,-6.0
2023-12-06,2024-04-30 09:09:00,618138606.0,1457.323303264288,-6.1,,Starbucks,-6.100000000000136
2023-12-01,2024-04-30 00:00:00,818552503.0,1446.5380999999988,-665.0,,Halifax,115.98000000000002
2023-12-06,2024-04-30 16:13:00,538003940.0,1441.42000000001,-37.95,,The Works,-37.94999999999982
2023-12-03,2024-04-30 10:42:00,211493028.0,1425.731449999999,-57.0,,Grand Union BJJ,-57.0
2023-12-05,2024-04-30 08:59:00,149684419.0,1411.606799999998,-55.02,,Tesco,-55.02210000000014
2023-12-05,2024-04-30 17:34:00,626989363.0,1410.771763317375,-36.98,,Sports Direct,-79.95000000000005
2023-12-03,2024-04-30 13:59:00,807714284.0,1410.4501607359996,-56.19,,Tesco,-75.18250000000012
2023-12-04,2024-04-30 10:24:00,703537476.0,1397.4862499999992,-63.04,,Reebok,-63.039999999999964
2023-12-05,2024-04-30 19:03:00,296770890.0,1379.2820103790832,-38.63,,Deliveroo,-38.63000000000011
2023-12-01,2024-04-30 00:00:00,630691258.0,1376.366544874841,1842.5,,Brilliant Brushes,1412.9599999999998
2023-11-30,2024-04-30 00:00:00,151916463.0,1324.217555599169,1675.0,,Gamestation,1675.0
2023-12-04,2024-04-30 08:35:00,151278285.0,1321.1211499999995,-149.11,,Tesco,-149.10629999999992
2023-12-05,2024-04-30 09:28:00,228136274.0,1316.3509299999996,-117.35,,Tesco,-117.34590000000003
2023-12-04,2024-04-30 18:09:00,304455868.0,1305.5058798978748,-26.29,,JustEat,-26.289999999999964
2023-12-03,2024-04-30 12:02:00,583579399.0,1300.1361000000006,-27.99,,Sports Direct,-27.99000000000001
2023-12-06,2024-04-30 08:41:00,264208990.0,1297.4234999999985,-87.9,,Tesco,-124.86969999999997
2023-12-03,2024-04-30 10:07:00,943329213.0,1288.3416193497576,-17.04,,The Works,-17.039999999999964
2023-12-03,2024-04-30 16:23:00,173335108.0,1282.904000000001,-41.65,,Deliveroo,-89.61000000000013
2023-12-06,2024-04-30 11:41:00,857997794.0,1277.6106651508865,-34.98,,Five Senses Art,-34.98000000000002
2023-12-06,2024-04-30 18:04:00,124102251.0,1274.3196680143317,-23.88,,Fitted Stitch,-23.880130916912776
2023-12-06,2024-04-30 08:24:00,519935524.0,1273.933809737519,-5.4,,Starbucks,-5.400000000000091
2023-12-01,2024-04-30 00:00:00,111137699.0,1250.0954500000007,1675.0,,Tesco,1364.98
2023-12-01,2024-04-30 00:00:00,521611005.0,1240.2867141489537,1542.5,,Craftastic,1336.9700000000003
2023-12-06,2024-04-30 12:55:00,821971408.0,1238.9091102355433,-21.97,,The Works,-21.970000000000027
2023-12-02,2024-04-30 09:31:00,603721739.0,1238.7478994831838,-81.99,,Sports Direct,-81.99000000000001
2023-12-04,2024-04-30 06:58:00,628470485.0,1237.8386353461492,-36.96,,Boots,-36.95986222126544
2023-12-01,2024-04-30 00:00:00,998390769.0,1237.6067509405243,1625.0,,Kings Arms,1086.95
2023-12-06,2024-04-30 19:07:00,279149837.0,1237.2810499999994,-146.1,,Sainsbury,-146.09699999999975
2023-12-01,2024-04-30 00:00:00,293191074.0,1226.558149999999,-796.0,,Halifax,29.99000000000001
2023-12-06,2024-04-30 10:15:00,950234174.0,1212.3708192371596,-261.8,,Revella,-261.79999999999995
2023-12-06,2024-04-30 15:46:00,720742759.0,1193.2470808830071,-32.95,,Blackwell's,-32.950000000000045
2023-12-04,2024-04-30 08:52:00,316793091.0,1189.9050600549506,-44.67,,Tesco,-137.60805000000005
2023-12-06,2024-04-30 06:19:00,259015404.0,1182.9898366218165,-11.94,,Boots,-11.941373626488712
2023-12-06,2024-04-30 09:28:00,391688371.0,1147.0289551878172,-42.59,,Tesco,-42.587999999999965
2023-12-06,2024-04-30 16:33:00,964702094.0,1140.4946121713565,-122.97,,Sports Direct,-122.9699999999998
2023-12-04,2024-04-30 12:14:00,668175891.0,1133.944366073262,-20.53,,Tesco,-20.528549999999996
2023-12-05,2024-04-30 17:59:00,698955014.0,1132.0503404481908,-9.99,,Five Senses Art,-9.990000000000009
2023-12-01,2024-04-30 00:00:00,670427480.0,1131.8097000000012,-1247.0,,Halifax,55.950000000000045
2023-12-06,2024-04-30 14:38:00,152616936.0,1131.7120078630646,-61.97,,Sports Direct,-61.970000000000255
2023-12-03,2024-04-30 03:15:00,500843551.0,1124.5622999999996,-37.18,,Deliveroo,-37.180000000000064
2023-12-04,2024-04-30 08:33:00,844206657.0,1122.1557551465696,-61.75,,Tesco,-204.71524999999997
2023-12-06,2024-04-30 08:39:00,762785862.0,1120.0962999999992,-52.43,,Tesco,-52.42859999999996
2023-12-04,2024-04-30 08:34:00,215426302.0,1118.800404025692,-43.2,,,-43.20400000000018
2023-12-06,2024-04-30 17:33:00,758885184.0,1115.245082274345,-89.5,,Fat Face,-89.5
2023-12-06,2024-04-30 08:07:00,345582855.0,1090.4791528205492,-5.15,,Costa Coffee,-5.150000000000091
2023-12-05,2024-04-30 03:41:00,621652856.0,1084.9859696105402,-31.05,,Deliveroo,-31.049999999999955
2023-12-05,2024-04-30 09:47:00,762859681.0,1079.650599999999,-21.02,,Wool,-21.019999999999982
2023-12-06,2024-04-30 07:18:00,776108637.0,1078.6502536574956,-7.6,,Starbucks,-7.600000000000136
2023-12-01,2024-04-30 00:00:00,472213568.0,1078.1095057939465,1950.0,,Barbiee Boutique,1517.98
2023-12-03,2024-04-30 16:10:00,857754342.0,1069.0850380227198,-44.98,,Reebok,-44.98000000000002
2023-12-06,2024-04-30 12:53:00,660561861.0,1056.415649332573,-49.99,,Five Senses Art,-49.98999999999978
2023-12-01,2024-04-30 00:00:00,324046160.0,1039.4351167869288,2000.0,,Selfridges,1634.98
2023-12-03,2024-04-30 09:41:00,280990953.0,1038.539699999998,-130.0,,Fat Face,-130.0
2023-12-04,2024-04-30 08:52:00,130154096.0,1038.5328328480243,-147.71,,Tesco,-147.7098000000001
2023-12-06,2024-04-30 11:58:00,799861885.0,1035.6747999999986,-9.99,,The Works,-9.990000000000009
2023-12-05,2024-04-30 06:56:00,225210798.0,1035.275317359389,-15.31,,Lloyds Pharmacy,-15.30561776319064
2023-12-04,2024-04-30 18:32:00,220183538.0,1029.5735999999995,-14.97,,Hobby Lobby,-38.950000000000045
2023-12-06,2024-04-30 16:33:00,286484726.0,1027.5988129418447,-84.73,,Revella,-84.7349999999999
2023-12-05,2024-04-30 09:13:00,535744551.0,1025.1838159956258,-159.9,,Tesco,-159.89924999999994
2023-12-05,2024-04-30 09:12:00,999752672.0,1024.6110935333345,-6.35,,Coffee #1,-6.349999999999909
2023-12-05,2024-04-30 13:06:00,792845450.0,1002.3111500000008,-25.98,,Sports Direct,-25.979999999999905
2023-12-02,2024-04-30 09:37:00,709142813.0,994.0597999999992,-19.99,,Reebok,-19.99000000000001
2023-12-06,2024-04-30 18:36:00,838830098.0,991.5154920877844,-74.93,,Tesco,-74.93219999999997
2023-12-04,2024-04-30 12:16:00,221356538.0,990.6313999999996,-24.97,,The Works,-148.94999999999993
2023-12-01,2024-04-30 09:27:00,250957494.0,987.3327499999984,-57.98,,Sports Direct,-57.98000000000002
2023-12-06,2024-04-30 17:52:00,668692488.0,985.333041057584,-65.97,,Five Senses Art,-65.97000000000014
2023-11-30,2024-04-30 23:59:00,593191200.0,978.802299999999,770.0,454129843.0,,770.0
2023-12-05,2024-04-30 10:52:00,169689461.0,978.643149999999,-99.99,,Sports Direct,-242.96000000000004
2023-12-05,2024-04-30 19:42:00,287230540.0,974.4409977638752,-22.68,,Deliveroo,-22.679999999999836
2023-12-04,2024-04-30 12:31:00,711140907.0,965.6942999999992,-30.34,,JustEat,-30.340000000000032
2023-12-06,2024-04-30 08:06:00,454129843.0,957.02639516656,-4.95,,Costa Coffee,-4.9500000000000455
2023-12-06,2024-04-30 09:06:00,987229118.0,956.8742037797916,-136.14,,Tesco,-136.14300000000014
2023-12-05,2024-04-30 10:32:00,497772347.0,949.3217499999978,-58.8,,Topshop,-58.79999999999984
2023-12-04,2024-04-30 11:30:00,469330905.0,943.2784286233556,-133.66,,Revella,-133.65800000000002
2023-12-01,2024-04-30 00:00:00,357651163.0,942.7799999999992,1625.0,,Rose & Crown,1721.9499999999998
2023-12-05,2024-04-30 10:01:00,598793068.0,942.4063999999978,-26.97,,Wool,-26.970000000000027
2023-12-01,2024-04-30 00:00:00,630468201.0,936.4643161102985,1596.0,,Westport Care Home,1357.9500000000003
2023-12-06,2024-04-30 11:08:00,280098744.0,932.5753778716668,-23.97,,Five Senses Art,-23.970000000000027
2023-12-06,2024-04-30 17:43:00,466649401.0,932.0335807973744,-37.03,,Tesco,-37.02719999999999
2023-12-04,2024-04-30 12:10:00,637649383.0,924.5280999999984,-109.84,,Tesco,-296.78469999999993
2023-12-05,2024-04-30 04:27:00,903468956.0,924.348999999999,-8.95,,Deliveroo,-32.93000000000018
2023-12-06,2024-04-30 19:27:00,160166876.0,916.3300405862434,-32.1,,JustEat,-32.10000000000002
2023-12-04,2024-04-30 19:04:00,163470640.0,914.9322999999996,-76.62,,Tesco,-261.57129999999995
2023-12-04,2024-04-30 08:09:00,241459011.0,910.7389132723464,-6.5,,Starbucks,-6.5
2023-12-03,2024-04-30 13:37:00,871866387.0,904.7931999999988,-76.54,,Tesco,-128.5015000000002
2023-12-06,2024-04-30 16:46:00,297823329.0,881.3686499999991,-15.98,,The Works,-15.980000000000018
2023-12-01,2024-04-30 00:00:00,652048867.0,878.5518499999989,-575.0,,LBG,126.98000000000002
2023-12-05,2024-04-30 15:29:00,912584712.0,876.100619544733,-12.98,,Blackwell's,-12.980000000000018
2023-11-30,2024-04-30 23:59:00,891513205.0,873.2911796590689,390.0,198051483.0,,390.0
2023-12-02,2024-04-30 09:25:00,648644594.0,867.707099999999,-178.0,,Topshop,-178.0
2023-12-01,2024-04-30 00:00:00,828532554.0,865.8803095172897,1625.0,,The Crown,1029.98
2023-12-01,2024-04-30 00:00:00,146686559.0,865.368588826522,1675.0,,North Face,1443.97
2023-11-30,2024-04-30 09:50:00,132400709.0,863.4170351539397,-40.99,,Sports Direct,-40.989999999999895
2023-12-06,2024-04-30 07:51:00,673025413.0,861.4753565414796,-29.59,,Selfridges,-29.588208739229685
2023-12-05,2024-04-30 17:30:00,416060965.0,859.2122547005804,-76.99,,Sports Direct,-100.97000000000003
2023-12-06,2024-04-30 09:20:00,409370545.0,856.9412755455209,-38.22,,The Works,-38.22000000000003
2023-12-04,2024-04-30 08:56:00,833899961.0,855.1149957180096,-52.99,,Tesco,-52.98720000000003
2023-12-05,2024-04-30 08:25:00,358846516.0,853.1007225272173,-5.4,,Coffee #1,-5.399999999999977
2023-11-30,2024-04-30 09:21:00,709935470.0,850.9707376997723,-49.98,,Sports Direct,-49.98000000000013
2023-12-01,2024-04-30 09:23:00,384497904.0,841.343499999999,-29.99,,Gamestation,-29.99000000000001
2023-12-02,2024-04-30 10:47:00,188263947.0,839.4227500000007,-52.91,,The Works,-71.90000000000009
2023-12-06,2024-04-30 15:39:00,939972497.0,838.3109086000104,-17.97,,Blackwell's,-17.970000000000027
2023-12-06,2024-04-30 17:25:00,886837068.0,835.0955999999992,-3.98,,Five Senses Art,-3.980000000000018
2023-12-01,2024-04-30 09:17:00,299871610.0,826.3506530587667,-28.0,,Reebok,-28.0
2023-12-06,2024-04-30 17:38:00,282102606.0,825.3481624228265,-32.96,,The Works,-32.960000000000036
2023-12-01,2024-04-30 00:00:00,816685391.0,798.1955962915736,1675.0,,Tesco,1432.97
2023-12-06,2024-04-30 19:17:00,929044080.0,787.1638915056282,-20.82,,Tesco,-20.82000000000005
2023-12-06,2024-04-30 12:05:00,386277162.0,783.5299999999994,-26.43,,JustEat,-26.42999999999995
2023-12-02,2024-04-30 10:02:00,680773155.0,782.1090833310911,-91.48,,Selfridges,-91.48000000000002
2023-12-06,2024-04-30 16:11:00,456221621.0,766.5945673026279,-20.29,,Deliveroo,-20.289999999999964
2023-12-02,2024-04-30 17:30:00,467207141.0,763.7842670482637,-29.99,,Sports Direct,-29.99000000000001
2023-12-05,2024-04-30 09:53:00,941285623.0,761.9553990667703,-61.97,,Sports Direct,-61.97000000000003
2023-12-03,2024-04-30 10:05:00,420109571.0,761.3684258932456,-58.99,,Fat Face,-2360.9300000000003
2023-12-04,2024-04-30 15:24:00,352899149.0,760.8727411773411,-22.96,,The Works,-38.950000000000045
2023-11-30,2024-04-30 00:00:00,536924114.0,752.7752944069039,1842.5,,Pets at Home,1470.0
2023-12-04,2024-04-30 03:09:00,349614277.0,748.3750999999993,-950.0,871200314.0,,-950.0
2023-12-06,2024-04-30 18:35:00,604334058.0,736.8443999999993,-151.26,,Tesco,-151.2609
2023-12-06,2024-04-30 20:12:00,742223719.0,736.2438573048025,-147.43,,Tesco,-147.43049999999994
2023-12-04,2024-04-30 10:16:00,578131296.0,734.7631694440436,-54.99,,Sports Direct,-54.99000000000001
2023-12-04,2024-04-30 11:10:00,904154012.0,722.8074581204314,-127.48,,Topshop,-127.48000000000002
2023-12-06,2024-04-30 12:50:00,108812033.0,717.0645999999981,-70.98,,Tesco,-70.98210000000006
2023-12-02,2024-04-30 10:04:00,424397946.0,702.1297836054002,-77.99,,Reebok,-154.94000000000005
2023-12-06,2024-04-30 09:52:00,873701090.0,692.1776680163313,-39.77,,Topshop,-39.767941683153936
2023-12-05,2024-04-30 17:49:00,390747457.0,683.6692999999976,-49.3,,Tesco,-49.30309999999997
2023-12-01,2024-04-30 12:20:00,938992364.0,682.9401237313995,-15.01,,Five Senses Art,-15.014999999999986
2023-12-04,2024-04-30 09:01:00,365608668.0,675.5660719666741,-141.22,,Tesco,-141.21940000000006
2023-12-03,2024-04-30 11:13:00,699997811.0,671.6787000000032,-46.62,,Tesco,-46.62315000000001
2023-12-05,2024-04-30 13:14:00,133755851.0,660.689248138252,-13.97,,Brilliant Brushes,-13.970000000000027
2023-12-02,2024-04-30 09:44:00,284161641.0,658.1723110405757,-63.0,,Topshop,-63.0
2023-12-02,2024-04-30 12:32:00,215404070.0,656.8375891798496,-69.99,,Sports Direct,-69.99000000000001
2023-12-06,2024-04-30 18:19:00,514362267.0,646.9948191070605,-31.1,,JustEat,-31.100000000000023
2023-12-02,2024-04-30 13:49:00,615144184.0,645.3938991255188,-188.5,,Fitted Stitch,-188.5
2023-12-06,2024-04-30 08:28:00,936813994.0,640.293360832788,-43.03,,Tesco,-43.03215
2023-12-05,2024-04-30 11:17:00,706361191.0,639.0320484940779,-116.0,,Fat Face,-116.0
2023-12-04,2024-04-30 09:50:00,548907062.0,635.5769711746526,-45.41,,Tesco,-45.40620000000001
2023-12-03,2024-04-30 10:48:00,990461108.0,627.0678686206109,-57.99,,Sports Direct,-57.99000000000001
2023-12-05,2024-04-30 09:10:00,138969884.0,625.5848999999995,-84.91,,Tesco,-131.86720000000003
2023-12-05,2024-04-30 09:08:00,903663593.0,621.7051992000772,-5.47,,Selfridges,-5.474180843476688
2023-12-04,2024-04-30 18:41:00,699139822.0,612.6440757769471,-28.04,,Deliveroo,-28.039999999999964
2023-12-05,2024-04-30 20:06:00,564744955.0,612.260958588842,-51.02,,Tesco,-51.018800000000056
2023-12-05,2024-04-30 19:47:00,535804582.0,609.7300999999986,-41.02,,Tesco,-41.0172
2023-12-01,2024-04-30 09:25:00,358836279.0,605.4156928075856,-12.99,,Sports Direct,-12.990000000000009
2023-12-01,2024-04-30 00:00:00,691789577.0,600.5569499999997,2021.0,,A Cut Above,1711.99
2023-12-06,2024-04-30 17:58:00,366477356.0,590.2026499999998,-59.0,,Matalan,-59.0
2023-12-05,2024-04-30 09:55:00,194745206.0,586.9413720912431,-15.37,,Revella,-15.371999999999957
2023-12-04,2024-04-30 20:14:00,348525881.0,581.4866245949357,-34.47,,Tesco,-34.47000000000003
2023-12-06,2024-04-30 19:40:00,890830949.0,578.0885999999974,-91.63,,Tesco,-91.63035000000002
2023-12-06,2024-04-30 07:41:00,909676212.0,577.7969019002102,-27.35,,Tesco,-27.34891176709766
2023-12-05,2024-04-30 17:34:00,629078930.0,574.5647632670716,-146.99,,Fat Face,-146.986
2023-12-05,2024-04-30 16:58:00,909669130.0,569.9798847367667,-14.96,,Craftastic,-14.960000000000036
2023-12-04,2024-04-30 09:52:00,444371478.0,558.8055499999987,-52.43,,Tesco,-52.42859999999996
2023-12-04,2024-04-30 10:27:00,696333897.0,557.8703999999987,-22.0,,Sports Direct,-22.0
2023-12-05,2024-04-30 13:11:00,430910686.0,557.7156000000004,-172.93,,Tesco,-196.90660000000003
2023-12-06,2024-04-30 08:45:00,240643705.0,557.0217988343001,-17.18,,Amazon,-17.17828078626792
2023-12-06,2024-04-30 10:04:00,403902116.0,545.6560499999993,-248.52,,Tesco,-303.49715000000003
2023-12-01,2024-04-30 00:00:00,154246234.0,530.7048921021044,1706.0,,Westport Care Home,1416.98
2023-12-04,2024-04-30 01:09:00,973388795.0,530.1456761636216,-380.0,336171116.0,,-380.0
2023-12-04,2024-04-30 06:30:00,192202372.0,523.2860875172223,-1.22,,Coop Local,-1.2196474633771004
2023-12-05,2024-04-30 10:20:00,246753533.0,519.9972999999982,-7.5,,Starbucks,-7.5
2023-12-04,2024-04-30 09:31:00,402438092.0,513.9590999999989,-72.86,,Tesco,-72.85739999999998
2023-12-03,2024-04-30 12:32:00,105375973.0,509.3096528189405,-66.17,,Sports Direct,-66.17000000000002
2023-12-06,2024-04-30 09:29:00,553734946.0,505.2085999999981,-193.0,,Topshop,-193.0
2023-12-02,2024-04-30 09:38:00,500051919.0,499.51099665059,-28.95,,The Works,-28.94999999999999
2023-12-06,2024-04-30 10:14:00,310740977.0,497.4004359296808,-126.0,,Topshop,-126.00000000000006
2023-12-01,2024-04-30 10:17:00,556631012.0,486.006373085678,-31.99,,Sports Direct,-31.99000000000001
2023-12-06,2024-04-30 09:15:00,760753808.0,479.94549999999936,-29.99,,The Works,-29.99000000000001
2023-12-06,2024-04-30 17:34:00,224112146.0,478.05979999999965,-94.08,,Tesco,-94.08420000000001
2023-12-01,2024-04-30 09:24:00,807098817.0,473.792449999999,-71.97,,Sports Direct,-71.97000000000003
2023-12-05,2024-04-30 17:38:00,508518911.0,472.7447502790102,-28.0,,Sports Direct,-28.0
2023-12-01,2024-04-30 00:00:00,724537117.0,471.9457499999996,1819.0,,Westport Care Home,1953.97
2023-11-30,2024-04-30 11:31:00,496865819.0,466.1815681573176,-9.99,,Five Senses Art,-9.990000000000009
2023-12-04,2024-04-30 12:22:00,889916166.0,459.55340141322654,-31.98,,Five Senses Art,-31.980000000000018
2023-12-01,2024-04-30 08:26:00,890567652.0,445.2861996796006,-71.7,,Coop Local,-71.70029999999997
2023-12-06,2024-04-30 09:30:00,945054126.0,442.9781,-12.99,,Sports Direct,-12.990000000000009
2023-12-06,2024-04-30 17:42:00,871200314.0,441.17512424263833,-62.98,,Grand Union BJJ,-62.980000000000075
2023-12-05,2024-04-30 10:06:00,165691047.0,439.62829999999866,-44.37,,Tesco,-44.36880000000002
2023-12-03,2024-04-30 09:35:00,672994751.0,431.23629078600993,-4.99,,The Works,-39.96000000000009
2023-12-05,2024-04-30 09:23:00,336171116.0,423.4283999999996,-5.0,,Starbucks,-5.0
2023-11-30,2024-04-30 23:59:00,600585971.0,418.8891499999995,430.0,499410772.0,,430.0
2023-11-30,2024-04-30 23:59:00,143606916.0,414.8353540291896,740.0,183546640.0,,740.0
2023-12-04,2024-04-30 10:09:00,442079728.0,409.64511921931376,-168.0,,Revella,-168.0
2023-12-01,2024-04-30 00:00:00,455052690.0,398.5577399486276,-594.0,,Halifax,68.94
2023-12-01,2024-04-30 20:15:00,901037631.0,398.5113230964064,-830.0,183186021.0,,-830.0
2023-12-04,2024-04-30 11:41:00,412823730.0,397.86329585048986,-70.06,,Sports Direct,-70.06
2023-12-04,2024-04-30 09:24:00,406862520.0,388.9283765374103,-251.27,,Tesco,-251.27024999999998
2023-12-01,2024-04-30 09:22:00,147508204.0,387.0147177818865,-10.98,,The Works,-10.980000000000075
2023-12-04,2024-04-30 09:47:00,965038148.0,386.18816563232775,-53.21,,Five Senses Art,-53.20619999999997
2023-12-02,2024-04-30 10:06:00,121113546.0,366.9531560698696,-31.5,,Fat Face,-31.5
2023-12-06,2024-04-30 09:22:00,504055745.0,363.6907613417668,-49.26,,Tesco,-49.26319999999998
2023-12-06,2024-04-30 16:35:00,642924505.0,362.865120183526,-150.48,,Fat Face,-150.47999999999996
2023-11-30,2024-04-30 23:59:00,413557825.0,360.8251999999994,-100.0,,Grand Union BJJ,-100.0
2023-12-05,2024-04-30 04:24:00,930271460.0,356.9277475357762,-34.7,,Deliveroo,-34.69999999999999
2023-12-05,2024-04-30 18:21:00,627936697.0,354.59585000000004,-29.13,,Deliveroo,-64.11000000000001
2023-12-06,2024-04-30 18:17:00,587202562.0,352.8964994170684,-108.37,,Tesco,-108.36840000000001
2023-12-03,2024-04-30 02:04:00,703588001.0,351.40129999999965,-32.93,,Deliveroo,-32.93000000000001
2023-12-01,2024-04-30 10:28:00,641376155.0,348.62251210145115,-100.19,,Sports Direct,-100.19000000000005
2023-12-06,2024-04-30 09:56:00,245198540.0,330.1638988017795,-146.24,,Selfridges,-146.2425
2023-12-05,2024-04-30 05:04:00,490790931.0,325.96894999999853,-32.58,,JustEat,-32.579999999999984
2023-12-06,2024-04-30 15:42:00,517934629.0,323.18767870842635,-39.98,,Sports Direct,-39.980000000000075
2023-12-01,2024-04-30 00:00:00,744398361.0,317.70299999999963,-608.0,,Halifax,42.97000000000003
2023-12-05,2024-04-30 12:11:00,101531259.0,316.4720999999995,-64.5,,Matalan,-64.5
2023-12-01,2024-04-30 10:01:00,346874167.0,309.554249999999,-146.99,,Reebok,-146.99
2023-12-04,2024-04-30 18:16:00,234952520.0,303.54639999999875,-36.05,,JustEat,-36.05000000000007
2023-12-05,2024-04-30 18:50:00,690523499.0,290.40295,-2.5,,Hobby Lobby,-2.5
2023-12-06,2024-04-30 12:03:00,433837402.0,283.4041315358117,-33.89,,Deliveroo,-33.889999999999986
2023-12-01,2024-04-30 00:00:00,266777719.0,282.71093378023966,-806.0,,LBG,18.99000000000001
2023-11-30,2024-04-30 09:39:00,382862215.0,261.87899999999985,-5.99,,Sports Direct,-5.990000000000009
2023-12-06,2024-04-30 11:16:00,845648250.0,258.28094999999934,-94.52,,Sainsbury,-94.5231
2023-12-03,2024-04-30 12:39:00,197050303.0,254.33943256349497,-129.98,,Sports Direct,-129.98
2023-12-02,2024-04-30 13:31:00,124125096.0,254.1084443878018,-94.1,,Tesco,-2267.06415
2023-11-30,2024-04-30 23:59:00,401293808.0,244.15689999999915,650.0,357651163.0,,650.0
2023-12-05,2024-04-30 05:40:00,660874296.0,232.17744996084983,-30.42,,JustEat,-100.37000000000009
2023-12-02,2024-04-30 10:20:00,331048953.0,229.6013679784936,-86.62,,Tesco,-86.625
2023-12-01,2024-04-30 00:00:00,675398089.0,228.20070922534887,1243.8,,A Cut Above,1000.0
2023-12-04,2024-04-30 18:45:00,155867488.0,227.78669999999832,-40.97,,Hobby Lobby,-40.97
2023-11-30,2024-04-30 09:37:00,293609137.0,222.97049257449817,-29.99,,Sports Direct,-29.98999999999998
2023-12-06,2024-04-30 09:58:00,277562576.0,220.495894778178,-19.11,,AMAZON,-19.111775198079215
2023-12-04,2024-04-30 08:35:00,168414279.0,209.4747842749213,-25.7,,Tesco,-25.702499999999986
2023-12-02,2024-04-30 08:45:00,913801979.0,204.23932991449368,-120.82,,Tesco,-295.76720000000006
2023-11-30,2024-04-30 23:59:00,391559884.0,200.2871499999993,-18.99,,PureGym,-18.98999999999998
2023-12-06,2024-04-30 08:46:00,761272540.0,197.0752999999987,-97.08,,Tesco,-97.07669999999999
2023-12-04,2024-04-30 11:14:00,283027736.0,194.76924397017268,-100.12,,Fat Face,-100.125
2023-11-30,2024-04-30 09:25:00,857455726.0,185.06473587568416,-6.99,,The Works,-6.990000000000009
2023-12-05,2024-04-30 19:22:00,967989787.0,174.53808264072725,-59.39,,Tesco,-59.39115000000004
2023-11-30,2024-04-30 23:59:00,190874125.0,174.37301421356727,-15.99,,Netflix,-15.990000000000009
2023-12-04,2024-04-30 17:34:00,859264768.0,167.4854337819383,-36.05,,Tesco,-85.01965000000001
2023-12-04,2024-04-30 16:45:00,303843160.0,165.6398000000012,-114.97,,Five Senses Art,-114.97
2023-11-30,2024-04-30 23:59:00,697140785.0,164.67861673610318,-15.99,,Netflix,-15.990000000000009
2023-12-05,2024-04-30 10:42:00,596171893.0,156.48559482551065,-6.99,,Blackwell's,-6.989999999999981
2023-12-06,2024-04-30 11:55:00,737547541.0,153.91559956777434,-39.98,,Sports Direct,-39.98000000000002
2023-12-04,2024-04-30 09:20:00,422955974.0,150.97573499904988,-93.29,,Tesco,-93.28620000000001
2023-11-30,2024-04-30 23:59:00,300095518.0,145.22502834141767,440.0,957821152.0,,440.00000000000006
2023-12-05,2024-04-30 19:39:00,345514953.0,141.71719999999937,-33.64,,Tesco,-33.64499999999998
2023-12-05,2024-04-30 08:50:00,248625662.0,133.65308428485235,-99.07,,Tesco,-99.07500000000002
2023-12-02,2024-04-30 12:16:00,537487133.0,127.71834999999945,-43.17,,JustEat,-43.16999999999999
2023-11-30,2024-04-30 09:38:00,254018059.0,125.9495,-30.95,,The Works,-30.94999999999999
2023-12-06,2024-04-30 15:16:00,546296727.0,117.56772730261837,-5.99,,The Works,-5.989999999999995
2023-12-01,2024-04-30 00:00:00,990894155.0,109.10720867884152,-621.0,,Halifax,42.969999999999985
2023-12-06,2024-04-30 10:04:00,943829984.0,106.81070911345682,-139.47,,Revella,-139.46999999999997
2023-11-30,2024-04-30 23:59:00,280130290.0,86.13024999999949,-15.99,,Netflix,-15.989999999999995
2023-12-04,2024-04-30 11:30:00,449387287.0,83.3866938351014,-169.95,,Tesco,-169.953
2023-12-01,2024-04-30 10:08:00,678726554.0,82.92875234838971,-44.99,,Sports Direct,-44.99000000000001
2023-12-06,2024-04-30 17:21:00,350921975.0,81.18972107387428,-78.66,,Sainsbury,-235.63285000000002
2023-12-04,2024-04-30 11:11:00,722358036.0,78.00829062708277,-149.51,,Tesco,-149.50530000000003
2023-12-04,2024-04-30 08:36:00,657528784.0,75.9969000000007,-140.55,,Tesco,-140.553
2023-12-04,2024-04-30 08:41:00,424927189.0,75.0566327441052,-89.68,,Tesco,-89.67525
2023-12-02,2024-04-30 13:22:00,348460748.0,70.80389999999898,-107.23,,Tesco,-107.23124999999999
2023-12-04,2024-04-30 19:14:00,797184978.0,68.19008657301941,-9.0,,Sainsbury Local,-9.0
2023-12-02,2024-04-30 13:34:00,823208989.0,65.8517038695318,-33.0,,JustEat,-33.0
2023-12-01,2024-04-30 00:00:00,567499591.0,62.61009999999965,1542.5,,Craftastic,1720.0
2023-12-06,2024-04-30 09:47:00,867679563.0,61.848353701715865,-28.57,,Tesco,-28.568399999999997
2023-12-01,2024-04-30 00:00:00,257633312.0,59.59369999999899,-586.0,,LBG,83.94
2023-12-01,2024-04-30 00:00:00,957821152.0,59.34954642845037,1825.0,,Fat Face,1539.96
2023-12-03,2024-04-30 15:32:00,914806976.0,58.79325018548643,-70.98,,Sports Direct,-70.98
2023-12-01,2024-04-30 09:51:00,737537711.0,49.28553360153568,-22.07,,Sports Direct,-22.07
2023-11-30,2024-04-30 23:59:00,600185455.0,47.38000224748148,-15.99,,Netflix,-15.990000000000002
2023-12-04,2024-04-30 17:02:00,860360312.0,34.240208882680264,-99.5,,Fat Face,-99.5
2023-11-30,2024-04-30 10:38:00,669503912.0,25.35055034881724,-75.99,,Sports Direct,-75.99000000000001
2023-11-30,2024-04-30 23:59:00,655730067.0,20.53814999999953,-18.99,,PureGym,-18.99
2023-12-05,2024-04-30 08:39:00,766812921.0,20.346949999998916,-114.77,,Tesco,-114.77235000000002
2023-11-30,2024-04-30 23:59:00,535273662.0,15.887399999999491,-18.99,,PureGym,-18.99
2023-12-06,2024-04-30 10:39:00,552980092.0,11.033719119337524,-9.95,,A Yarn Story,-9.949999999999994
2023-12-04,2024-04-30 09:22:00,525524239.0,5.662350211193552,-22.0,,Sports Direct,-22.0
2023-12-01,2024-04-30 18:16:00,719742742.0,3.0899922220368765,-35.93,,Deliveroo,-35.93000000000001
2023-12-04,2024-04-30 09:13:00,380911501.0,2.19339999999913,-76.29,,Tesco,-76.28880000000001
2023-12-06,2024-04-30 09:06:00,624563756.0,1.974128783556484,-5.35,,Starbucks,-5.35
2023-12-05,2024-04-30 13:43:00,773633520.0,1.5975609385114211,-75.55,,Tesco,-75.55065
2023-12-04,2024-04-30 16:32:00,856461967.0,1.4173535294926296,-67.77,,Tesco,-67.76700000000001
2023-12-05,2024-04-30 12:46:00,338022396.0,0.3063393757390855,-43.03,,Tesco,-43.03215
2023-12-06,2024-04-30 18:56:00,574548998.0,-0.0417000000010716,-128.98,,Tesco,-128.97675
2023-12-04,2024-04-30 17:54:00,709151315.0,-0.59078162584008,-34.95,,Blackwell's,-34.95
2023-12-06,2024-04-30 09:49:00,977899503.0,-5.761106419147346,-67.52,,Tesco,-67.52199999999999
2023-12-02,2024-04-30 12:16:00,621181115.0,-6.420249570771077,-118.3,,Revella,-118.3
2023-12-06,2024-04-30 16:56:00,695607232.0,-13.753505389440004,-28.0,,Sports Direct,-28.0
2023-12-03,2024-04-30 13:26:00,291580432.0,-19.22579999999985,-80.7,,Tesco,-80.69775000000001
2023-12-05,2024-04-30 09:24:00,492850697.0,-21.774953334136413,-72.07,,Grand Union BJJ,-72.07
2023-12-03,2024-04-30 11:48:00,216286013.0,-25.12632345486658,-59.33,,Tesco,-59.3313
2023-12-06,2024-04-30 09:34:00,879091637.0,-29.21847626202291,-58.03,,Sports Direct,-58.03
2023-12-05,2024-04-30 08:31:00,290751280.0,-31.17495332517447,-76.93,,Tesco,-76.9272
2023-12-06,2024-04-30 20:22:00,214339619.0,-31.96463583011267,-98.23,,Tesco,-132.2038
2023-12-05,2024-04-30 12:26:00,460463595.0,-34.55994541857893,-40.57,,Topshop,-40.571999999999996
2023-12-04,2024-04-30 19:46:00,855129444.0,-36.58769543737221,-27.9,,Deliveroo,-27.9
2023-12-05,2024-04-30 06:08:00,142791593.0,-41.08530000000036,-26.19,,Deliveroo,-26.189999999999994
2023-12-04,2024-04-30 17:28:00,891716230.0,-43.94967018989858,-94.98,,Sports Direct,-94.98
2023-12-04,2024-04-30 09:03:00,490868147.0,-54.43622087869847,-75.12,,Tesco,-75.117
2023-12-01,2024-04-30 00:00:00,354894456.0,-61.32000000000039,-753.0,,Halifax,69.95999999999998
2023-12-05,2024-04-30 12:36:00,564214408.0,-65.61451527427398,-45.01,,Tesco,-90.9672
2023-12-05,2024-04-30 19:28:00,961077907.0,-65.86520000000007,-148.93,,Tesco,-148.92675000000003
2023-12-05,2024-04-30 16:12:00,448279144.0,-70.04735000000107,-292.77,,Tesco,-292.76625
2023-12-05,2024-04-30 20:43:00,605711527.0,-75.14748616741632,-80.56,,Tesco,-80.55599999999998
2023-12-05,2024-04-30 16:58:00,796709231.0,-103.5902221037026,-53.98,,JD Sports,-53.98000000000002
2023-12-04,2024-04-30 19:15:00,837876918.0,-108.19279146542011,-51.36,,Tesco,-51.35999999999999
2023-12-05,2024-04-30 17:45:00,656317661.0,-113.14465845859732,-21.97,,Blackwell's,-21.969999999999985
2023-12-05,2024-04-30 08:50:00,666952234.0,-113.42770187551324,-99.41,,Tesco,-99.41085
2023-12-01,2024-04-30 00:00:00,979135922.0,-124.10969940954874,-551.0,,Halifax,23.980000000000018
2023-12-04,2024-04-30 13:19:00,218795010.0,-127.1737500000006,-118.82,,Tesco,-118.82219999999998
2023-12-03,2024-04-30 20:33:00,212560376.0,-134.41287422089783,-15.4,,JustEat,-15.399999999999991
2023-12-05,2024-04-30 12:41:00,136770968.0,-135.34080000000046,-31.49,,Five Senses Art,-31.489999999999995
2023-12-06,2024-04-30 19:00:00,954263768.0,-144.96270000000035,-50.38,,Tesco,-50.38040000000001
2023-12-01,2024-04-30 00:00:00,691012931.0,-149.5322500000011,1584.0,,Westport Care Home,1488.98
2023-11-30,2024-04-30 23:59:00,998405607.0,-159.1814999999981,-15.99,,Netflix,-15.990000000000009
2023-12-03,2024-04-30 10:50:00,248658670.0,-162.80834999999996,-52.61,,Tesco,-52.6125
2023-12-03,2024-04-30 10:34:00,477216513.0,-164.51294999999948,-67.53,,Tesco,-86.52075000000002
2023-11-30,2024-04-30 23:59:00,690941877.0,-166.98503848250812,-15.99,,Netflix,-15.990000000000009
2023-12-04,2024-04-30 10:02:00,469561218.0,-181.1399000000009,-177.34,,Tesco,-177.33555
2023-12-06,2024-04-30 14:40:00,333054026.0,-182.70910597680975,-160.94,,Sports Direct,-160.93999999999997
2023-12-05,2024-04-30 10:44:00,895750759.0,-192.7825880756659,-33.95,,Blackwell's,-33.95000000000002
2023-12-02,2024-04-30 19:21:00,902798190.0,-194.1886344310265,-73.19,,Tesco,-73.18499999999999
2023-12-01,2024-04-30 00:00:00,544961962.0,-206.2256769943906,-553.0,,LBG,51.97000000000003
2023-12-06,2024-04-30 20:13:00,771125520.0,-214.51820000000092,-59.35,,Tesco,-59.35124999999999
2023-12-04,2024-04-30 08:55:00,834581602.0,-214.56520000000089,-58.81,,Tesco,-58.81260000000003
2023-12-06,2024-04-30 18:02:00,993663752.0,-218.97785758960367,-16.44,,JustEat,-16.439999999999998
2023-12-05,2024-04-30 10:44:00,684988568.0,-237.4432734272016,-119.38,,Tesco,-119.38080000000006
2023-12-06,2024-04-30 20:55:00,786141370.0,-244.8375000000009,-62.35,,Sainsbury Local,-62.35040000000001
2023-12-06,2024-04-30 15:39:00,321372947.0,-246.45285078909947,-13.41,,Tesco,-13.40639999999999
2023-11-30,2024-04-30 14:28:00,223207876.0,-247.7003999999995,-55.45,,Tesco,-55.44749999999999
2023-12-04,2024-04-30 17:57:00,610645022.0,-254.2592626449184,-80.86,,Tesco,-80.86400000000003
2023-12-01,2024-04-30 00:00:00,898104045.0,-271.2980500000024,1620.1,,Starbucks,1296.96
2023-12-01,2024-04-30 00:00:00,519649533.0,-280.27818362933795,-899.0,,LBG,49.97000000000003
2023-12-05,2024-04-30 08:55:00,933745726.0,-286.0589435706768,-77.53,,Tesco,-77.53499999999997
2023-12-04,2024-04-30 13:26:00,364396689.0,-286.11825,-78.64,,Tesco,-78.64499999999998
2023-12-06,2024-04-30 12:08:00,895331556.0,-298.9316000000009,-60.0,,Matalan,-60.0
2023-12-06,2024-04-30 18:51:00,724997545.0,-301.56095800221834,-38.84,,Tesco,-38.84264999999999
2023-12-02,2024-04-30 16:49:00,550644516.0,-306.5211000000015,-101.84,,Sainsbury,-150.80475
2023-12-05,2024-04-30 09:05:00,610450243.0,-309.6545999999998,-32.33,,Tesco,-32.32499999999999
2023-12-06,2024-04-30 20:15:00,872286364.0,-310.96949581309985,-44.85,,Tesco,-102.79760000000005
2023-12-05,2024-04-30 15:59:00,282046994.0,-315.1446499999996,-121.25,,Tesco,-121.25400000000002
2023-12-04,2024-04-30 12:41:00,979122276.0,-319.5600377056714,-65.25,,Tesco,-65.24700000000004
2023-12-04,2024-04-30 17:44:00,183186021.0,-321.2200499999989,-44.27,,Tesco,-44.264999999999986
2023-12-03,2024-04-30 11:36:00,654329190.0,-333.8449490514807,-44.03,,Tesco,-60.01965000000001
2023-12-06,2024-04-30 18:57:00,920031185.0,-339.80637051629225,-111.64,,Tesco,-111.64020000000002
2023-12-04,2024-04-30 12:22:00,920830317.0,-351.2029793625187,-260.47,,Tesco,-309.42719999999997
2023-12-03,2024-04-30 09:49:00,258201793.0,-351.4348000000002,-78.75,,Selfridges,-78.75
2023-12-01,2024-04-30 18:58:00,421475159.0,-356.1377373255875,-119.76,,Tesco,-119.76300000000003
2023-12-01,2024-04-30 00:00:00,385685918.0,-358.9600591584474,-478.0,,Halifax,89.93000000000006
2023-12-05,2024-04-30 09:02:00,344843570.0,-360.59181750933385,-45.87,,Tesco,-45.870000000000005
2023-12-01,2024-04-30 00:00:00,779620857.0,-365.863196385176,-614.0,,LBG,42.97000000000003
2023-12-01,2024-04-30 00:00:00,555393405.0,-370.8774000000003,-674.0,,LBG,163.95000000000005
2023-11-30,2024-04-30 23:59:00,548638376.0,-387.9748132445335,-7.99,,Disney,-7.990000000000009
2023-12-03,2024-04-30 13:35:00,419084831.0,-393.6101255261033,-95.8,,Tesco,-1482.7699
2023-12-04,2024-04-30 18:22:00,887156614.0,-400.8197710407738,-59.39,,Tesco,-59.39114999999998
2023-11-30,2024-04-30 23:59:00,952921898.0,-405.8745777080188,-15.99,,Netflix,-15.990000000000009
2023-12-06,2024-04-30 03:39:00,892354433.0,-408.1299606343386,-15.03,,JustEat,-15.03000000000003
2023-12-06,2024-04-30 13:47:00,261793952.0,-412.4407397961851,-61.01,,Tesco,-61.004999999999995
2023-12-02,2024-04-30 09:46:00,130522384.0,-413.0638156208604,-119.98,,Sports Direct,-119.98000000000002
2023-11-30,2024-04-30 23:59:00,197779140.0,-414.5677000000004,-100.0,,Grand Union BJJ,-100.0
2023-11-30,2024-04-30 23:59:00,656389634.0,-421.4218404219855,-5.99,,Mojang Studios,-5.990000000000009
2023-12-06,2024-04-30 18:52:00,583558311.0,-428.48121524866775,-47.17,,Tesco,-47.166
2023-12-03,2024-04-30 12:00:00,242218612.0,-444.3011999999994,-141.98,,Sports Direct,-141.97999999999996
2023-12-04,2024-04-30 09:30:00,162162212.0,-447.358956672691,-99.99,,Sports Direct,-99.99000000000001
2023-12-03,2024-04-30 12:06:00,856147482.0,-450.4567985986247,-33.14,,JustEat,-33.139999999999986
2023-12-06,2024-04-30 14:37:00,572136270.0,-450.64858841197656,-112.56,,Tesco,-112.55790000000002
2023-12-02,2024-04-30 09:49:00,499244466.0,-453.1447812834225,-65.97,,Tesco,-134.92465000000004
2023-12-06,2024-04-30 18:13:00,248142083.0,-456.8265652974833,-30.39,,Deliveroo,-30.389999999999986
2023-12-02,2024-04-30 09:50:00,812012103.0,-459.5843000000005,-131.98,,Sports Direct,-131.98000000000008
2023-11-30,2024-04-30 23:59:00,311467864.0,-462.880500000001,410.0,426466211.0,,410.0
2023-12-03,2024-04-30 13:17:00,743630833.0,-472.3613867152988,-118.6,,Tesco,-166.5727500000001
2023-12-05,2024-04-30 19:23:00,631111289.0,-476.34900000000096,-37.86,,Tesco,-37.860000000000014
2023-12-06,2024-04-30 09:27:00,896821055.0,-481.2894407329176,-38.95,,Blackwell's,-73.93
2023-12-02,2024-04-30 09:58:00,165098840.0,-485.5956263623731,-131.98,,Sports Direct,-131.97999999999996
2023-12-06,2024-04-30 16:16:00,280200287.0,-490.07045338694894,-116.62,,Fat Face,-116.61750000000006
2023-12-04,2024-04-30 09:53:00,347110339.0,-504.4067925031481,-193.0,,Topshop,-193.0
2023-12-04,2024-04-30 09:50:00,722971557.0,-509.9042791569245,-73.63,,Tesco,-128.57599999999996
2023-12-03,2024-04-30 03:55:00,843537309.0,-514.795767791632,-14.94,,JustEat,-49.92000000000007
2023-12-01,2024-04-30 09:42:00,923322792.0,-523.6943317536377,-49.97,,Reebok,-49.97000000000003
2023-11-30,2024-04-30 23:59:00,165045150.0,-541.7614385971443,-7.99,,Amazon,-7.990000000000009
2023-12-05,2024-04-30 03:37:00,135937041.0,-547.390348268412,-26.48,,JustEat,-57.460000000000036
2023-12-02,2024-04-30 13:48:00,158766229.0,-556.26388589347,-81.3,,Tesco,-81.29624999999999
2023-11-30,2024-04-30 23:59:00,715068825.0,-557.5155000000002,-15.99,,Netflix,-15.990000000000009
2023-11-30,2024-04-30 23:59:00,214765415.0,-557.5706488501354,-7.99,,Disney,-7.990000000000009
2023-11-30,2024-04-30 12:40:00,969804197.0,-561.8487500000008,-24.21,,Tesco,-24.210000000000036
2023-12-01,2024-04-30 00:00:00,799286313.0,-563.0316128758616,-776.0,,LBG,126.98000000000002
2023-12-01,2024-04-30 00:00:00,925659248.0,-564.3420892295711,-1270.0,,LBG,42.97000000000003
2023-11-30,2024-04-30 23:59:00,750898750.0,-567.2094653199005,-7.99,,Disney,-7.990000000000009
2023-12-06,2024-04-30 18:43:00,478651121.0,-574.6792704015304,-64.58,,Tesco,-64.57815
2023-12-01,2024-04-30 00:00:00,138351025.0,-587.8763500000005,-570.0,,Halifax,68.95000000000005
2023-12-03,2024-04-30 11:24:00,799453072.0,-589.9590500000013,-86.34,,Tesco,-86.34360000000004
2023-11-30,2024-04-30 23:59:00,548549094.0,-591.0536299265087,-5.99,,Mojang Studios,-5.990000000000009
2023-12-06,2024-04-30 12:47:00,762896656.0,-597.5775018481414,-29.05,,Tesco,-29.05499999999995
2023-12-04,2024-04-30 18:48:00,175452235.0,-606.3257499999996,-32.2,,Tesco,-32.20500000000004
2023-12-06,2024-04-30 08:52:00,768271776.0,-606.7990967665797,-120.96,,Tesco,-120.95684999999997
2023-12-02,2024-04-30 08:56:00,128030172.0,-623.3421274498501,-120.04,,Sainsbury,-120.03915000000006
2023-12-06,2024-04-30 18:21:00,436430134.0,-624.2439013371817,-24.89,,JustEat,-24.889999999999986
2023-12-04,2024-04-30 09:40:00,783650950.0,-642.3786434110118,-92.99,,Tesco,-92.98800000000006
2023-12-05,2024-04-30 09:05:00,993238248.0,-644.6874873928839,-133.06,,Tesco,-133.05599999999987
2023-11-30,2024-04-30 23:59:00,721393911.0,-646.7565425357167,-15.99,,Netflix,-15.990000000000009
2023-12-05,2024-04-30 08:39:00,462962606.0,-652.3209500000014,-120.56,,Tesco,-287.5110000000001
2023-12-05,2024-04-30 13:23:00,524425303.0,-653.7488000000012,-55.79,,Tesco,-55.793499999999995
2023-11-30,2024-04-30 17:27:00,198630866.0,-679.8267735612685,-124.01,,Tesco,-124.00919999999996
2023-12-01,2024-04-30 00:00:00,208381936.0,-682.6755782217451,-544.0,,Halifax,57.960000000000036
2023-12-06,2024-04-30 04:24:00,985188462.0,-691.2536112887752,-21.27,,JustEat,-21.269999999999982
2023-12-06,2024-04-30 13:33:00,726913482.0,-692.9985485264766,-55.36,,Tesco,-55.36125000000004
2023-12-03,2024-04-30 11:33:00,948069469.0,-698.3261000000011,-58.6,,Tesco,-143.52980000000002
2023-12-04,2024-04-30 18:02:00,380228542.0,-706.6992581844343,-168.68,,Tesco,-168.67724999999996
2023-12-04,2024-04-30 19:25:00,713910252.0,-712.5793742714591,-72.28,,Tesco,-72.27885000000003
2023-12-01,2024-04-30 16:50:00,170233640.0,-716.9016100501027,-72.36,,Tesco,-72.35865000000001
2023-12-02,2024-04-30 08:48:00,625658193.0,-724.9016402437832,-108.7,,Tesco,-108.69600000000003
2023-12-06,2024-04-30 09:42:00,978951113.0,-726.4094925904193,-208.94,,Tesco,-208.93635000000006
2023-11-30,2024-04-30 23:59:00,429235692.0,-728.8370000000002,-15.99,,Netflix,-15.990000000000009
2023-12-06,2024-04-30 08:21:00,478986718.0,-753.8578000000016,-38.0,,Tesco,-164.97810000000004
2023-12-04,2024-04-30 09:17:00,980500334.0,-756.6219338929037,-15.15,,Tesco,-15.149999999999977
2023-12-05,2024-04-30 20:31:00,625281433.0,-778.3299073707569,-135.56,,Tesco,-135.56025
2023-12-06,2024-04-30 18:06:00,198051483.0,-787.1019104088573,-26.5,,Deliveroo,-83.46000000000004
2023-12-06,2024-04-30 17:09:00,736310094.0,-808.1789240274259,-84.3,,Tesco,-84.29539999999997
2023-12-04,2024-04-30 10:26:00,518746136.0,-809.6572282369169,-52.99,,Tesco,-52.995000000000005
2023-12-05,2024-04-30 08:38:00,202320275.0,-844.3985500000006,-143.36,,Sainsbury Local,-143.36069999999995
2023-12-04,2024-04-30 08:36:00,204855464.0,-882.5477886396163,-155.79,,Sainsbury,-342.73955
2023-11-30,2024-04-30 23:59:00,780859359.0,-884.7400000000002,-18.99,,PureGym,-18.99000000000001
2023-12-05,2024-04-30 10:11:00,155317149.0,-891.9885000000011,-125.39,,Tesco,-125.38575000000003
2023-12-06,2024-04-30 17:03:00,296972867.0,-909.9189000000008,-96.5,,Tesco,-96.50479999999993
2023-12-01,2024-04-30 08:17:00,532525712.0,-937.0193000000004,-14.17,,Tesco,-14.167500000000018
2023-11-30,2024-04-30 23:59:00,252964502.0,-938.5450224913006,-15.99,,Netflix,-15.990000000000009
2023-12-03,2024-04-30 14:30:00,641764023.0,-952.8163037720044,-48.56,,Tesco,-56.55250000000001
2023-11-30,2024-04-30 23:59:00,383345285.0,-957.5579235880762,-18.99,,PureGym,-18.99000000000001
2023-11-30,2024-04-30 23:59:00,219399150.0,-960.0325269529268,-7.99,,Disney,-7.990000000000009
2023-12-06,2024-04-30 13:03:00,310620484.0,-983.3378049078016,-22.93,,JustEat,-22.92999999999995
2023-11-30,2024-04-30 23:59:00,263882093.0,-995.7638000000006,440.0,757694047.0,,440.0
2023-11-30,2024-04-30 23:59:00,918160369.0,-998.2536500000004,-7.99,,Amazon,-7.990000000000009
2023-12-02,2024-04-30 10:41:00,595800644.0,-1012.1570000000004,-147.91,,Tesco,-147.90930000000003
2023-12-01,2024-04-30 00:00:00,688328251.0,-1030.6863753548273,-935.0,,LBG,146.9699999999998
2023-12-01,2024-04-30 00:00:00,713057426.0,-1053.7992500000005,-647.0,,LBG,148.97000000000003
2023-12-04,2024-04-30 08:45:00,570575024.0,-1071.0757000000008,-157.19,,Tesco,-200.15605000000005
2023-12-06,2024-04-30 19:12:00,534908754.0,-1095.8583000000003,-23.52,,Tesco,-58.50105000000008
2023-11-30,2024-04-30 23:59:00,632065391.0,-1098.3086499999995,-18.99,,PureGym,-18.98999999999978
2023-11-30,2024-04-30 23:59:00,143383029.0,-1103.3559193476613,-15.99,,Netflix,-15.990000000000009
2023-12-01,2024-04-30 00:00:00,215832575.0,-1106.7694637442198,-877.0,,LBG,152.96000000000026
2023-12-05,2024-04-30 09:00:00,494156986.0,-1120.2016543276654,-23.0,,Tesco,-22.995699999999943
2023-12-01,2024-04-30 00:00:00,769319491.0,-1125.3330000000008,-864.0,,Halifax,155.95000000000005
2023-12-06,2024-04-30 08:47:00,820686957.0,-1132.487566311196,-105.08,,Tesco,-1480.0466499999998
2023-11-30,2024-04-30 23:59:00,671824917.0,-1162.8832000000004,-100.0,,Grand Union BJJ,-126.98000000000002
2023-12-05,2024-04-30 12:59:00,446720287.0,-1182.0875591815943,-54.12,,Tesco,-54.119999999999436
2023-12-06,2024-04-30 08:30:00,189335192.0,-1220.6507017578606,-20.09,,Tesco,-20.089649999999892
2023-12-01,2024-04-30 00:00:00,681955876.0,-1225.4881000000005,-1004.0,,LBG,7.990000000000009
2023-12-02,2024-04-30 09:28:00,555804115.0,-1228.911047558703,-24.23,,Tesco,-56.21499999999969
2023-12-02,2024-04-30 10:25:00,520239952.0,-1231.871176654763,-109.98,,Tesco,-109.98434999999995
2023-11-30,2024-04-30 23:59:00,445240363.0,-1242.8435059632736,-15.99,,Netflix,-15.990000000000009
2023-12-04,2024-04-30 08:59:00,262767079.0,-1254.3215000000007,-74.03,,Tesco,-74.02500000000009
2023-12-01,2024-04-30 00:00:00,499410772.0,-1263.789362905162,1712.0,,Westport Care Home,1729.9699999999991
2023-12-01,2024-04-30 00:00:00,754141345.0,-1291.76283511576,1943.0,,Westport Care Home,2131.949999999999
2023-12-04,2024-04-30 19:14:00,213096759.0,-1299.4191082144391,-87.45,,Tesco,-87.44999999999982
2023-12-04,2024-04-30 17:11:00,639420537.0,-1312.2139499999998,-30.03,,Tesco,-70.99000000000001
2023-12-04,2024-04-30 20:17:00,979892433.0,-1345.565000000001,-75.13,,Tesco,-133.08999999999992
2023-12-05,2024-04-30 09:15:00,119943495.0,-1347.917562112858,-17.84,,Tesco,-17.83499999999981
2023-12-05,2024-04-30 17:05:00,662610817.0,-1359.001831324928,-80.0,,University College Hospital,-80.0
2023-12-03,2024-04-30 14:39:00,874506295.0,-1359.5917562455722,-30.87,,Tesco,-30.86999999999989
2023-11-30,2024-04-30 23:59:00,782058249.0,-1362.5013733101616,-5.99,,Mojang Studios,-5.990000000000009
2023-12-01,2024-04-30 00:00:00,340295966.0,-1380.8019500000005,-850.0,,LBG,134.98000000000002
2023-12-01,2024-04-30 00:00:00,750094757.0,-1415.4893000000006,-1226.0,,Halifax,134.98000000000025
2023-12-04,2024-04-30 03:19:00,880546403.0,-1435.2295000000022,-35.73,,Deliveroo,-190.69000000000028
2023-12-01,2024-04-30 00:00:00,709632525.0,-1438.6373500000009,-1043.0,,LBG,61.94999999999982
2023-11-30,2024-04-30 23:59:00,494156462.0,-1439.1389364817603,-15.99,,Netflix,-15.990000000000009
2023-12-01,2024-04-30 00:00:00,835829467.0,-1479.994749999998,-491.0,,Halifax,155.96000000000004
2023-12-03,2024-04-30 02:37:00,406772240.0,-1488.2022000000006,-34.43,,JustEat,-34.430000000000064
2023-12-01,2024-04-30 00:00:00,331684336.0,-1507.9138699513217,-990.0,,Halifax,-1770.0
2023-12-06,2024-04-30 16:17:00,744968736.0,-1514.146826569424,-8.88,,Tesco,-8.875
2023-12-04,2024-04-30 15:44:00,158414827.0,-1527.540000000002,-19.18,,Sainsbury Local,-19.174999999999955
2023-12-03,2024-04-30 04:48:00,642015139.0,-1528.3536625343618,-35.64,,Deliveroo,-35.6400000000001
2023-12-04,2024-04-30 12:40:00,644751433.0,-1538.7781584655386,-19.92,,Tesco,-19.920000000000073
2023-12-03,2024-04-30 10:30:00,213930646.0,-1550.4445634725632,-17.91,,Tesco,-17.910000000000082
2023-12-02,2024-04-30 08:46:00,518378868.0,-1568.4449000000004,-35.52,,Tesco,-35.51999999999998
2023-11-30,2024-04-30 23:59:00,918772878.0,-1618.4720172453203,-100.0,,Grand Union BJJ,-100.0
2023-11-30,2024-04-30 23:59:00,337184232.0,-1650.7190000000005,-7.99,,Disney,-7.990000000000009
2023-11-30,2024-04-30 23:59:00,786927378.0,-1683.2302796373165,-7.99,,Disney,-7.990000000000009
2023-12-06,2024-04-30 18:31:00,701070224.0,-1713.4191,-280.26,,Tesco,-280.25760000000014
2023-12-01,2024-04-30 00:00:00,592961759.0,-1741.3848000000005,-1194.0,,Halifax,23.97999999999979
2023-12-05,2024-04-30 19:28:00,812839908.0,-1764.7498500000002,-17.68,,Sainsbury Local,-73.64499999999998
2023-12-01,2024-04-30 00:00:00,971129830.0,-1790.0506499999992,-569.0,,Halifax,69.94000000000028
2023-12-05,2024-04-30 08:26:00,554771381.0,-1791.3961500000005,-8.83,,Tesco,-8.835000000000264
2023-12-01,2024-04-30 16:55:00,627723633.0,-1802.208828003762,-36.1,,Tesco,-36.097499999999854
2023-11-30,2024-04-30 23:59:00,147341222.0,-1823.4978753207956,-15.99,,Netflix,-15.990000000000009
2023-12-01,2024-04-30 00:00:00,492058070.0,-1831.7640312595292,-1356.0,,Halifax,63.97000000000003
2023-12-05,2024-04-30 20:39:00,455831435.0,-1867.1571048014948,-48.07,,Tesco,-191.04500000000007
2023-12-03,2024-04-30 13:03:00,122884111.0,-1958.9585830729688,-29.15,,Tesco,-172.12249999999995
2023-12-03,2024-04-30 12:43:00,604870380.0,-1979.5890529005533,-39.32,,Tesco,-39.32249999999999
2023-12-04,2024-04-30 08:24:00,712474734.0,-1984.391831236004,-6.74,,Tesco,-6.742500000000064
2023-12-06,2024-04-30 18:56:00,224215364.0,-1984.925092088279,-12.38,,Tesco,-12.375
2023-11-30,2024-04-30 23:59:00,546760202.0,-2024.743027675968,-18.99,,PureGym,-18.99000000000001
2023-12-04,2024-04-30 19:53:00,596463612.0,-2065.547604725138,-43.24,,Tesco,-43.23750000000018
2023-11-30,2024-04-30 23:59:00,418717120.0,-2110.5506465372296,-100.0,,Grand Union BJJ,-100.0
2023-11-30,2024-04-30 23:59:00,512989907.0,-2119.501903975365,-5.99,,Mojang Studios,-5.989999999999782
2023-12-02,2024-04-30 14:09:00,620227043.0,-2132.017771013424,-59.51,,Tesco,-59.50500000000011
2023-12-03,2024-04-30 18:48:00,899692478.0,-2138.470843524008,-16.78,,JustEat,-16.780000000000655
2023-12-02,2024-04-30 08:38:00,766692943.0,-2139.04425,-39.79,,Tesco,-39.78749999999991
2023-11-30,2024-04-30 23:59:00,872874909.0,-2139.741897899587,-7.99,,Disney,-7.989999999999782
2023-12-05,2024-04-30 09:43:00,395654270.0,-2231.3037028121994,-22.35,,Tesco,-22.34999999999991
2023-12-01,2024-04-30 00:00:00,256045540.0,-2233.7138999999997,1620.1,,Starbucks,1722.9899999999993
2023-12-04,2024-04-30 19:51:00,119993184.0,-2234.6744029108613,-15.44,,Tesco,-57.412499999999454
2023-11-30,2024-04-30 23:59:00,569687509.0,-2339.4329,-7.0,,Xbox,-7.0
2023-12-03,2024-04-30 11:06:00,310171581.0,-2367.696204340919,-42.57,,Tesco,-42.570000000000164
2023-12-04,2024-04-30 09:29:00,612304466.0,-2382.5982499999977,-13.34,,Sainsbury,-13.335000000000036
2023-12-05,2024-04-30 19:06:00,631744379.0,-2384.2712594910654,-38.49,,Tesco,-38.48999999999978
2023-12-06,2024-04-30 16:32:00,817294757.0,-2419.8383,-34.78,,Tesco,-53.76749999999993
2023-11-30,2024-04-30 23:59:00,299652176.0,-2422.955616743121,650.0,898104045.0,,650.0
2023-12-06,2024-04-30 08:31:00,224524792.0,-2426.833182430848,-36.82,,Tesco,-36.81750000000011
2023-12-06,2024-04-30 13:02:00,189757473.0,-2432.963649999999,-23.07,,Tesco,-23.070000000000164
2023-12-01,2024-04-30 00:00:00,596328017.0,-2436.6478499999976,-1090.0,,LBG,132.96999999999935
2023-11-30,2024-04-30 23:59:00,964913066.0,-2453.8946999999976,-7.99,,Amazon,-7.989999999999782
2023-12-04,2024-04-30 08:28:00,252419513.0,-2463.1311858134145,-13.86,,Tesco,-13.860000000000127
2023-11-30,2024-04-30 23:59:00,848118081.0,-2487.9127980020958,-15.99,,Netflix,-15.990000000000236
2023-11-30,2024-04-30 18:48:00,916225911.0,-2489.10925,-56.34,,Tesco,-56.340000000000146
2023-11-30,2024-04-30 23:59:00,682194230.0,-2489.5008499999985,-18.99,,PureGym,-18.98999999999978
2023-12-06,2024-04-30 08:33:00,699313649.0,-2489.9458991419046,-50.28,,Sainsbury Local,-50.2800000000002
2023-12-01,2024-04-30 00:00:00,162370388.0,-2494.8503999999984,-1286.0,,LBG,42.969999999999345
2023-11-30,2024-04-30 17:53:00,335698481.0,-2514.710496694939,-31.83,,Tesco,-31.829999999999927
2023-12-02,2024-04-30 08:48:00,374994043.0,-2544.7505499999997,-46.82,,Tesco,-46.82250000000067
2023-12-02,2024-04-30 08:47:00,173317688.0,-2568.201234884283,-17.45,,Tesco,-17.452499999999418
2023-12-05,2024-04-30 12:56:00,753525749.0,-2570.268399999999,-56.95,,Sainsbury,-56.94750000000022
2023-11-30,2024-04-30 23:59:00,660789920.0,-2574.913347382372,-18.99,,PureGym,-18.98999999999978
2023-11-30,2024-04-30 23:59:00,989506909.0,-2598.254870759437,-15.99,,Netflix,-15.989999999999782
2023-12-01,2024-04-30 00:00:00,474301748.0,-2605.339005683968,-553.0,,Halifax,55.95999999999867
2023-12-02,2024-04-30 09:28:00,786879739.0,-2608.030794120556,-51.51,,Tesco,-51.51000000000022
2023-11-30,,826597014.0,-2612.9669406029275,-100.0,,Grand Union BJJ,-100.0
2023-12-06,2024-04-30 19:39:00,868033067.0,-2615.65328645108,-24.56,,,-24.5625
2023-11-30,2024-04-30 17:41:00,294474095.0,-2621.768786499238,-45.34,,Sainsbury Local,-45.33750000000009
2023-12-06,2024-04-30 09:10:00,403765849.0,-2688.047999999996,-56.63,,Tesco,-56.632500000000164
2023-12-05,2024-04-30 19:55:00,720221651.0,-2696.468866598434,-27.2,,Tesco,-27.195000000000164
2023-11-30,2024-04-30 23:59:00,474951915.0,-2723.846095234011,-18.99,,PureGym,-18.989999999999327
2023-11-30,2024-04-30 23:59:00,907987693.0,-2724.7069999999976,-18.99,,PureGym,-18.98999999999978
2023-11-30,2024-04-30 23:59:00,407323346.0,-2727.495432555312,-5.99,,Mojang Studios,-5.9900000000002365
2023-12-04,2024-04-30 08:59:00,493571342.0,-2750.8233809070466,-18.42,,Tesco,-18.420000000000073
2023-11-30,2024-04-30 23:59:00,749371623.0,-2758.084153517342,-7.99,,Disney,-7.989999999999782
2023-11-30,2024-04-30 23:59:00,932820758.0,-2781.7465667755537,-14.99,,Blizzard,-14.989999999999782
2023-11-30,2024-04-30 18:33:00,493855007.0,-2831.176631574392,-26.59,,Deliveroo,-26.5900000000006
2023-12-04,2024-04-30 13:51:00,194023154.0,-2860.832171784732,-24.49,,Tesco,-24.49499999999989
2023-11-30,2024-04-30 23:59:00,145553416.0,-2867.913149999998,-7.0,,Xbox,-7.0
2023-11-30,2024-04-30 23:59:00,387957305.0,-2880.9236059800783,-15.99,,Netflix,-15.989999999999782
2023-12-05,2024-04-30 08:27:00,494404688.0,-2898.203265336208,-25.32,,Tesco,-25.32000000000062
2023-12-03,2024-04-30 13:23:00,291128777.0,-2926.411440526368,-27.18,,Tesco,-27.18000000000029
2023-11-30,2024-04-30 23:59:00,737645298.0,-2932.249199999997,-15.99,,Netflix,-15.989999999999327
2023-12-01,2024-04-30 00:00:00,915666111.0,-2936.549574772037,1620.1,,Costa Coffee,650.0
2023-12-04,2024-04-30 08:44:00,734161378.0,-2943.625169434211,-38.87,,Tesco,-84.83249999999907
2023-11-30,2024-04-30 23:59:00,124377686.0,-2950.807399999997,-18.99,,PureGym,-18.98999999999978
2023-12-03,2024-04-30 13:35:00,496674181.0,-2951.013172330722,-164.51,,Coop Local,-199.48769999999968
2023-12-05,2024-04-30 19:22:00,493640090.0,-2982.8234499999976,-42.34,,Tesco,-42.3449999999998
2023-11-30,2024-04-30 23:59:00,191992682.0,-3002.111460292063,-15.99,,Netflix,-15.989999999999782
2023-12-05,2024-04-30 08:53:00,978410962.0,-3021.230839548971,-46.96,,Tesco,-46.965000000000146
2023-12-02,2024-04-30 18:58:00,655450953.0,-3072.9548784555286,-66.26,,Tesco,-66.26249999999982
2023-12-03,2024-04-30 12:38:00,344522228.0,-3073.736988208392,-17.06,,Tesco,-17.0625
2023-11-30,2024-04-30 23:59:00,337771621.0,-3090.747649999998,-5.99,,Mojang Studios,-5.989999999999782
2023-12-01,2024-04-30 00:00:00,962295212.0,-3107.480149999996,-761.0,,Halifax,23.980000000000018
2023-11-30,2024-04-30 23:59:00,850290152.0,-3114.415999999996,-18.99,,PureGym,-18.98999999999978
2023-11-30,2024-04-30 23:59:00,890196840.0,-3142.0213166751296,-18.99,,PureGym,-18.98999999999978
2023-11-30,2024-04-30 19:15:00,779816907.0,-3155.14608292291,-59.24,,Tesco,-59.242499999999836
2023-11-30,2024-04-30 23:59:00,635679314.0,-3158.1033291195176,-7.99,,Amazon,-7.989999999999782
2023-12-03,2024-04-30 10:53:00,104832000.0,-3185.524858905844,-36.06,,Tesco,-159.04999999999973
2023-11-30,2024-04-30 23:59:00,836655156.0,-3185.6814552191545,-18.99,,PureGym,-18.98999999999978
2023-12-05,2024-04-30 13:07:00,643610517.0,-3204.741190729656,-22.33,,Tesco,-22.327499999999873
2023-12-06,2024-04-30 19:02:00,987390838.0,-3222.333741210377,-41.59,,Tesco,-41.58750000000009
2023-12-02,2024-04-30 13:07:00,936917570.0,-3232.704999999995,-65.06,,Tesco,-65.0625
2023-12-01,2024-04-30 00:00:00,261894284.0,-3248.6037999999967,-558.0,,LBG,174.93999999999915
2023-12-03,2024-04-30 10:31:00,975200042.0,-3293.742699999996,-26.08,,Tesco,-26.077499999999873
2023-11-30,2024-04-30 08:23:00,899983008.0,-3334.941149999996,-24.67,,Tesco,-24.667500000000018
2023-12-04,2024-04-30 08:25:00,691843653.0,-3342.713399999992,-20.32,,Tesco,-20.31750000000011
2023-11-30,2024-04-30 13:01:00,684284526.0,-3394.946366745756,-35.3,,Tesco,-35.29500000000007
2023-12-03,2024-04-30 12:56:00,340680761.0,-3410.955599999996,-28.71,,Tesco,-28.710000000000036
2023-12-05,2024-04-30 19:39:00,706301742.0,-3425.763149999995,-36.17,,Tesco,-36.17250000000013
2023-12-01,2024-04-30 00:00:00,838415080.0,-3455.1764999999987,-928.0,,Halifax,118.98999999999978
2023-12-04,2024-04-30 13:53:00,775790822.0,-3493.433419216067,-44.51,,Tesco,-44.50500000000011
2023-12-05,2024-04-30 08:57:00,452974357.0,-3608.9039499999935,-13.35,,Tesco,-148.32999999999947
2023-12-05,2024-04-30 10:00:00,285115279.0,-3638.5796107892857,-51.43,,Tesco,-51.43109999999979
2023-12-02,2024-04-30 13:27:00,659008214.0,-3639.270102290422,-29.24,,Tesco,-29.242499999999836
2023-12-03,2024-04-30 11:35:00,868014990.0,-3731.416099999995,-49.36,,Tesco,-49.36499999999978
2023-12-04,2024-04-30 08:44:00,696758548.0,-3734.6303963201367,-37.37,,Tesco,-37.36499999999978
2023-12-06,2024-04-30 08:28:00,426466211.0,-3741.703249999998,-13.71,,Sainsbury Local,-13.710000000000036
2023-11-30,2024-04-30 23:59:00,339791565.0,-3746.016199999997,-15.99,,Netflix,-15.990000000000236
2023-12-04,2024-04-30 19:14:00,598586358.0,-3764.1074499999945,-46.16,,Tesco,-46.15500000000111
2023-12-01,2024-04-30 00:00:00,651372390.0,-3772.975749999999,-1222.0,,Halifax,15.990000000000236
2023-12-04,2024-04-30 19:26:00,982286721.0,-3797.200524017729,-41.71,,Tesco,-41.715000000000146
2023-12-03,2024-04-30 11:17:00,217540156.0,-3811.232319999993,-44.2,,Tesco,-44.19749999999976
2023-12-03,2024-04-30 13:14:00,801500539.0,-3816.7361999999976,-94.27,,Tesco,-94.26749999999993
2023-11-30,2024-04-30 23:59:00,317161035.0,-3864.832599999996,-15.99,,Netflix,-15.990000000000236
2023-12-02,2024-04-30 13:16:00,349107386.0,-3878.86347319456,-76.97,,Tesco,-76.97249999999985
2023-11-30,2024-04-30 23:59:00,824218857.0,-3981.668660845428,-100.0,,Grand Union BJJ,-100.0
2023-12-04,2024-04-30 09:12:00,426474982.0,-4078.71475,-47.35,,Tesco,-47.34750000000031
2023-12-06,2024-04-30 14:02:00,572333122.0,-4082.377549999995,-36.78,,Tesco,-36.7800000000002
2023-12-04,2024-04-30 02:10:00,229502829.0,-4106.445424186246,-25.44,,JustEat,-38.429999999999836
2023-11-30,2024-04-30 23:59:00,804317849.0,-4127.631633020518,-7.99,,Disney,-7.989999999999782
2023-12-04,2024-04-30 08:32:00,252701364.0,-4179.813672677914,-42.64,,Tesco,-42.64500000000044
2023-12-02,2024-04-30 12:54:00,982949451.0,-4222.936667052507,-54.7,,Tesco,-97.66749999999956
2023-12-04,2024-04-30 16:04:00,565175333.0,-4307.536022729825,-52.99,,Tesco,-94.96749999999975
2023-12-05,2024-04-30 19:32:00,191161970.0,-4325.280999999993,-66.97,,Tesco,-66.96900000000005
2023-12-04,2024-04-30 20:26:00,993039226.0,-4638.861999999994,-41.51,,Tesco,-41.51249999999982
2023-12-03,2024-04-30 11:01:00,744211756.0,-4683.550749999991,-49.4,,Tesco,-49.402500000000146
2023-12-01,2024-04-30 00:00:00,607629901.0,-4687.038319908143,-1193.0,,Halifax,149.95999999999822
2023-12-05,2024-04-30 08:54:00,180719578.0,-4765.577749999993,-27.05,,Tesco,-27.05249999999978
2023-11-30,2024-04-30 23:59:00,392790315.0,-4796.521394372064,-18.99,,PureGym,-18.98999999999978
2023-12-01,2024-04-30 00:00:00,576188756.0,-4890.531499999998,-597.0,,LBG,49.95999999999913
2023-12-06,2024-04-30 17:21:00,534097839.0,-5211.228549999995,-21.59,,Tesco,-105.53249999999844
2023-12-01,2024-04-30 00:00:00,581618317.0,-5227.721701873204,-1204.0,,LBG,156.95999999999913
2023-12-03,2024-04-30 10:26:00,969697937.0,-5300.18276567055,-14.29,,Tesco,-14.287500000000364
2023-12-01,2024-04-30 00:00:00,656781737.0,-5595.909999999994,-917.0,,LBG,42.969999999999345
2023-12-04,2024-04-30 08:32:00,843174694.0,-5790.983499999998,-29.37,,Tesco,-48.35999999999967
